dbw_enabled,linear_current,angular_current,linear_required,angular_required,throttle,brake,steer,dx_c,dy_c,theta_c
TRUE,0.12999798,0,1,0,0.4,0,0,1131.354,1183.281,0.1035933
TRUE,0.12999798,0,1,0,0.4,0,0,1131.354,1183.281,0.1035933
TRUE,0.12999798,0,1,0,0.4,0,0,1131.354,1183.281,0.1035933
TRUE,0.155598218,-0.005153114,1,0,0.4,0,0,1131.403,1183.285,0.1036642
TRUE,0.155598218,0,1,0,0.4,0,0,1131.403,1183.285,0.1036642
TRUE,0.155598218,0,1,0,0.4,0,0,1131.403,1183.285,0.1036642
TRUE,0.155598218,0,1,0,0.4,0,0,1131.403,1183.285,0.1036642
TRUE,0.155598218,0,1,0,0.4,0,0,1131.403,1183.285,0.1036642
TRUE,0.155598218,0,1,0,0.4,0,0,1131.403,1183.285,0.1036642
TRUE,0.155598218,0,1,0,0.4,0,0,1131.403,1183.285,0.1036642
TRUE,0.155598218,0,1,0,0.4,0,0,1131.403,1183.285,0.1036642
TRUE,0.197049599,0,1,0,0.4,0,0,1131.464,1183.29,0.1037597
TRUE,0.197049599,0,1,0,0.4,0,0,1131.464,1183.29,0.1037597
TRUE,0.197049599,0,1,0,0.4,0,0,1131.464,1183.29,0.1037597
TRUE,0.197049599,0,2.556936713,0,0.4,0,0,1131.464,1183.29,0.1037597
TRUE,0.197049599,0,2.556936713,0,0.4,0,0,1131.464,1183.29,0.1037597
TRUE,0.197049599,0,2.556936713,0,0.4,0,0,1131.464,1183.29,0.1037597
TRUE,0.197049599,0,2.556936713,0,0.4,0,0,1131.464,1183.29,0.1037597
TRUE,0.197049599,0,2.556936713,0,0.4,0,0,1131.464,1183.29,0.1037597
TRUE,0.197049599,0,2.556936713,0,0.4,0,0,1131.464,1183.29,0.1037597
TRUE,0.197049599,0,2.556936713,0,0.4,0,0,1131.464,1183.29,0.1037597
TRUE,0.212581512,0,2.556936713,0,0.4,0,0,1131.532,1183.296,0.1038712
TRUE,0.212581512,0,2.556936713,0,0.4,0,0,1131.532,1183.296,0.1038712
TRUE,0.212581512,0,2.556936713,0,0.4,0,0,1131.532,1183.296,0.1038712
TRUE,0.212581512,0,2.556936713,0,0.4,0,0,1131.532,1183.296,0.1038712
TRUE,0.212581512,0,2.556936713,0,0.4,0,0,1131.532,1183.296,0.1038712
TRUE,0.212581512,0,2.556936713,0,0.4,0,0,1131.532,1183.296,0.1038712
TRUE,0.254920939,-0.037832434,2.556936713,0,0.4,0,0,1131.606,1183.302,0.1039918
TRUE,0.254920939,0,2.556936713,0,0.4,0,0,1131.606,1183.302,0.1039918
TRUE,0.254920939,0,2.556936713,0,0.4,0,0,1131.606,1183.302,0.1039918
TRUE,0.254920939,0,2.556936713,0,0.4,0,0,1131.606,1183.302,0.1039918
TRUE,0.254920939,0,2.556936713,0,0.4,0,0,1131.606,1183.302,0.1039918
TRUE,0.254920939,0,2.556936713,0,0.4,0,0,1131.606,1183.302,0.1039918
TRUE,0.254920939,0,2.556936713,0,0.4,0,0,1131.606,1183.302,0.1039918
TRUE,0.254920939,0,2.556936713,0,0.4,0,0,1131.606,1183.302,0.1039918
TRUE,0.263148621,0,2.556936713,0,0.4,0,0,1131.692,1183.31,0.1041363
TRUE,0.263148621,0,2.556936713,0,0.4,0,0,1131.692,1183.31,0.1041363
TRUE,0.263148621,0,2.556936713,0,0.4,0,0,1131.692,1183.31,0.1041363
TRUE,0.263148621,0,2.556936713,0,0.4,0,0,1131.692,1183.31,0.1041363
TRUE,0.263148621,0,2.556936713,0,0.4,0,0,1131.692,1183.31,0.1041363
TRUE,0.263148621,0,2.556936713,0,0.4,0,0,1131.692,1183.31,0.1041363
TRUE,0.263148621,0,2.556936713,0,0.4,0,0,1131.692,1183.31,0.1041363
TRUE,0.263148621,0,2.556936713,0,0.4,0,0,1131.692,1183.31,0.1041363
TRUE,0.263148621,0,2.556936713,0,0.4,0,0,1131.692,1183.31,0.1041363
TRUE,0.966482151,0,2.556936713,0,0.4,0,0,1131.906,1183.328,0.1042246
TRUE,0.966482151,0,2.556936713,0,0.4,0,0,1131.906,1183.328,0.1042246
TRUE,0.966482151,0,2.556936713,0,0.4,0,0,1131.906,1183.328,0.1042246
TRUE,0.966482151,0,2.556936713,0,0.4,0,0,1131.906,1183.328,0.1042246
TRUE,0.966482151,0,2.556936713,0,0.4,0,0,1131.906,1183.328,0.1042246
TRUE,0.966482151,0,2.556936713,0,0.4,0,0,1131.906,1183.328,0.1042246
TRUE,0.966482151,0,2.556936713,0,0.4,0,0,1131.906,1183.328,0.1042246
TRUE,0.966482151,0,2.556936713,0,0.4,0,0,1132.325,1183.363,0.1045234
TRUE,1.618957595,0,2.556936713,0,0.4,0,0,1132.325,1183.363,0.1045234
TRUE,1.618957595,0,2.556936713,0,0.4,0,0,1132.325,1183.363,0.1045234
TRUE,1.618957595,0,2.522931385,0,0.4,0,0,1132.325,1183.363,0.1045234
TRUE,1.618957595,0,2.522931385,0,0.4,0,0,1132.325,1183.363,0.1045234
TRUE,1.618957595,0,2.522931385,0,0.4,0,0,1132.325,1183.363,0.1045234
TRUE,1.618957595,0,2.522931385,0,0.4,0,0,1132.325,1183.363,0.1045234
TRUE,1.618957595,0,2.522931385,0,0.4,0,0,1132.325,1183.363,0.1045234
TRUE,1.618957595,0,2.522931385,0,0.4,0,0,1132.325,1183.363,0.1045234
TRUE,2.284140598,0,2.522931385,0,0.295901296,0,0,1132.993,1183.42,0.1052947
TRUE,2.284140598,0,2.522931385,0,0.268906757,0,0,1132.993,1183.42,0.1052947
TRUE,2.284140598,0,2.522931385,0,0.250908407,0,0,1132.993,1183.42,0.1052947
TRUE,2.284140598,0,2.522931385,0,0.238911497,0,0,1132.993,1183.42,0.1052947
TRUE,2.284140598,0,2.451883198,0,0.176441291,0,0,1132.993,1183.42,0.1052947
TRUE,2.284140598,0,2.451883198,0,0.167951706,0,0,1132.993,1183.42,0.1052947
TRUE,2.284140598,0,2.451883198,0,0.162290584,0,0,1132.993,1183.42,0.1052947
TRUE,2.284140598,0,2.451883198,0,0.158517901,0,0,1132.993,1183.42,0.1052947
TRUE,2.284140598,0,2.451883198,0,0.15600138,0,0,1132.993,1183.42,0.1052947
TRUE,2.928201408,0,2.451883198,0,0,0,0,1133.883,1183.495,0.1065204
TRUE,2.928201408,0,2.451883198,0,0,98.48604843,0,1133.883,1183.495,0.1065204
TRUE,2.928201408,0,2.451883198,0,0,117.3583802,0,1133.883,1183.495,0.1065204
TRUE,2.928201408,0,2.451883198,0,0,129.9384986,0,1133.883,1183.495,0.1065204
TRUE,2.928201408,0,2.341271853,0,0,159.6579147,0,1133.883,1183.495,0.1065204
TRUE,2.928201408,0,2.341271853,0,0,170.1439437,0,1133.883,1183.495,0.1065204
TRUE,2.928201408,0,2.341271853,0,0,177.1363993,0,1133.883,1183.495,0.1065204
TRUE,2.928201408,0,2.341271853,0,0,181.7962667,0,1133.883,1183.495,0.1065204
TRUE,3.514358468,0,2.341271853,0,0,295.8039499,0,1134.917,1183.583,0.1080711
TRUE,3.514358468,0,2.264531373,0,0,345.8157289,0,1134.917,1183.583,0.1080711
TRUE,3.514358468,0,2.264531373,0,0,366.2038204,0,1134.917,1183.583,0.1080711
TRUE,3.514358468,0,2.264531373,0,0,379.7921132,0,1134.917,1183.583,0.1080711
TRUE,3.514358468,0,2.264531373,0,0,388.8547433,0,1134.917,1183.583,0.1080711
TRUE,3.514358468,0,2.264531373,0,0,394.8927284,0,1134.917,1183.583,0.1080711
TRUE,3.514358468,0,2.264531373,0,0,398.9218201,0,1134.917,1183.583,0.1080711
TRUE,3.514358468,0,2.264531373,0,0,401.604113,0,1134.917,1183.583,0.1080711
TRUE,4.116615673,0,2.264531373,0,0,518.7817555,0,1136.216,1183.694,0.1101189
TRUE,4.116615673,0,2.264531373,0,0,546.8797337,0,1136.216,1183.694,0.1101189
TRUE,4.116615673,0,2.264531373,0,0,565.6173032,0,1136.216,1183.694,0.1101189
TRUE,4.116615673,0,2.264531373,0,0,578.1034321,0,1136.216,1183.694,0.1101189
TRUE,4.116615673,0,2.185097431,0,0,601.7935534,0,1136.216,1183.694,0.1101189
TRUE,4.116615673,0,2.185097431,0,0,610.8426923,0,1136.216,1183.694,0.1101189
TRUE,4.116615673,0,2.185097431,0,0,616.881275,0,1136.216,1183.694,0.1101189
TRUE,4.116615673,0,2.185097431,0,0,620.9011733,0,1136.216,1183.694,0.1101189
TRUE,4.116615673,0,2.185097431,0,0,623.586929,0,1136.216,1183.694,0.1101189
TRUE,4.116615673,0,2.185097431,0,0,625.3716093,0,1136.216,1183.694,0.1101189
TRUE,4.116615673,0,2.185097431,0,0,626.5672197,0,1136.216,1183.694,0.1101189
TRUE,4.698412752,0,2.185097431,0,0,788.7373435,0,1137.715,1183.821,0.1125657
TRUE,4.698412752,0,2.185097431,0,0,798.6277182,0,1137.715,1183.821,0.1125657
TRUE,4.698412752,0,2.185097431,0,0,805.2137237,0,1137.715,1183.821,0.1125657
TRUE,4.698412752,0,2.060296247,0,0,833.6824522,0,1137.715,1183.821,0.1125657
TRUE,4.698412752,0,2.060296247,0,0,842.129467,0,1137.715,1183.821,0.1125657
TRUE,4.698412752,0,2.060296247,0,0,847.7687641,0,1137.715,1183.821,0.1125657
TRUE,4.698412752,0,2.060296247,0,0,851.5203416,0,1137.715,1183.821,0.1125657
TRUE,5.313839309,0,2.060296247,0,0,973.6854356,0,1139.303,1183.955,0.1151159
TRUE,5.313839309,0,1.881025569,0,0,1051.989288,0,1139.303,1183.955,0.1151159
TRUE,5.313839309,0,1.881025569,0,0,1073.934145,0,1139.303,1183.955,0.1151159
TRUE,5.313839309,0,1.881025569,0,0,1088.5537,0,1139.303,1183.955,0.1151159
TRUE,5.313839309,0,1.881025569,0,0,1098.31042,0,1139.303,1183.955,0.1151159
TRUE,5.313839309,0,1.881025569,0,0,1104.80455,0,1139.303,1183.955,0.1151159
TRUE,5.313839309,0,1.881025569,0,0,1109.14432,0,1139.303,1183.955,0.1151159
TRUE,5.750333635,0,1.881025569,0,0,1233.101946,0,1141.162,1184.113,0.1155823
TRUE,5.750333635,0,1.881025569,0,0,1242.054328,0,1141.162,1184.113,0.1155823
TRUE,5.750333635,0,1.881025569,0,0,1248.010916,0,1141.162,1184.113,0.1155823
TRUE,5.750333635,0,1.881025569,0,0,1251.993641,0,1141.162,1184.113,0.1155823
TRUE,5.750333635,0,1.682765953,0,0,1309.630377,0,1141.162,1184.113,0.1155823
TRUE,5.750333635,0,1.682765953,0,0,1314.592978,0,1141.162,1184.113,0.1155823
TRUE,5.750333635,0,1.682765953,0,0,1317.889115,0,1141.162,1184.113,0.1155823
TRUE,5.750333635,0,1.682765953,0,0,1320.098803,0,1141.162,1184.113,0.1155823
TRUE,5.750333635,0,1.682765953,0,0,1321.559665,0,1141.162,1184.113,0.1155823
TRUE,5.750333635,0,1.682765953,0,0,1322.545837,0,1141.162,1184.113,0.1155823
TRUE,5.750333635,0,1.682765953,0,0,1323.191021,0,1141.162,1184.113,0.1155823
TRUE,6.241152262,0,1.682765953,0,0,1418.5191,0,1143.206,1184.286,0.1149772
TRUE,6.241152262,0,1.682765953,0,0,1440.44665,0,1143.206,1184.286,0.1149772
TRUE,6.241152262,0,1.682765953,0,0,1455.07876,0,1143.206,1184.286,0.1149772
TRUE,6.241152262,0,1.396188028,0,0,1544.310742,0,1143.206,1184.286,0.1149772
TRUE,6.241152262,0,1.396188028,0,0,1555.42752,0,1143.206,1184.286,0.1149772
TRUE,6.241152262,0,1.396188028,0,0,1562.824098,0,1143.206,1184.286,0.1149772
TRUE,6.241152262,0,1.396188028,0,0,1567.769757,0,1143.206,1184.286,0.1149772
TRUE,6.241152262,0,1.396188028,0,0,1571.052256,0,1143.206,1184.286,0.1149772
TRUE,6.241152262,0,1.396188028,0,0,1573.255196,0,1143.206,1184.286,0.1149772
TRUE,6.241152262,0,1.396188028,0,0,1574.709216,0,1143.206,1184.286,0.1149772
TRUE,6.702962464,0.036109106,1.396188028,0,0,1652.806144,0,1145.29,1184.462,0.1146305
TRUE,6.702962464,0,1.396188028,0,0,1677.86806,0,1145.29,1184.462,0.1146305
TRUE,6.702962464,0,1.396188028,0,0,1694.592004,0,1145.29,1184.462,0.1146305
TRUE,6.702962464,0,1.030886749,0,0,1732.728002,0,1145.29,1184.462,0.1146305
TRUE,6.702962464,0,1.030886749,0,0,1758.152002,0,1145.29,1184.462,0.1146305
TRUE,6.702962464,0,1.030886749,0,0,1775.101334,0,1145.29,1184.462,0.1146305
TRUE,6.702962464,0,1.030886749,0,0,1786.40089,0,1145.29,1184.462,0.1146305
TRUE,6.702962464,0,1.030886749,0,0,1793.933926,0,1145.29,1184.462,0.1146305
TRUE,6.702962464,0,1.030886749,0,0,1798.955951,0,1145.29,1184.462,0.1146305
TRUE,7.329269974,0,1.030886749,0,0,1802.303967,0,1147.673,1184.664,0.1193913
TRUE,7.329269974,0,1.030886749,0,0,1804.535978,0,1147.673,1184.664,0.1193913
TRUE,7.329269974,0,1.030886749,0,0,1806.023985,0,1147.673,1184.664,0.1193913
TRUE,7.329269974,0,1.030886749,0,0,1807.01599,0,1147.673,1184.664,0.1193913
TRUE,7.329269974,0,0,0,0,1807.677327,0,1147.673,1184.664,0.1193913
TRUE,7.329269974,0,0,0,0,1808.118218,0,1147.673,1184.664,0.1193913
TRUE,7.329269974,0,0,0,0,1808.412145,0,1147.673,1184.664,0.1193913
TRUE,7.329269974,0,0,0,0,1808.608097,0,1147.673,1184.664,0.1193913
TRUE,7.329269974,0,0,0,0,1808.738731,0,1147.673,1184.664,0.1193913
TRUE,7.329269974,0,0,0,0,1808.825821,0,1147.673,1184.664,0.1193913
TRUE,7.510146829,0.002750106,0,0,0,1808.883881,0,1150.177,1184.875,0.1224567
TRUE,7.510146829,0,0,0,0,1808.922587,0,1150.177,1184.875,0.1224567
TRUE,7.510146829,0,0,0,0,1808.948391,0,1150.177,1184.875,0.1224567
TRUE,7.510146829,0,1,0,0,1808.965594,0,1150.177,1184.875,0.1224567
TRUE,7.510146829,0,1,0,0,1808.977063,0,1150.177,1184.875,0.1224567
TRUE,7.510146829,0,1,0,0,1808.984709,0,1150.177,1184.875,0.1224567
TRUE,7.510146829,0,1,0,0,1808.989806,0,1150.177,1184.875,0.1224567
TRUE,7.510146829,0,1,0,0,1808.993204,0,1150.177,1184.875,0.1224567
TRUE,7.51965537,0,1,0,0,1808.995469,0,1152.568,1185.077,0.1241677
TRUE,7.51965537,0,1,0,0,1808.996979,0,1152.568,1185.077,0.1241677
TRUE,7.51965537,0,1,0,0,1808.997986,0,1152.568,1185.077,0.1241677
TRUE,7.51965537,0,1,0,0,1808.998658,0,1152.568,1185.077,0.1241677
TRUE,7.51965537,0,1,0,0,1808.999105,0,1152.568,1185.077,0.1241677
TRUE,7.51965537,0,2.325710688,0,0,1657.083757,0,1152.568,1185.077,0.1241677
TRUE,7.51965537,0,2.325710688,0,0,1668.47326,0,1152.568,1185.077,0.1241677
TRUE,7.51965537,0,2.325710688,0,0,1676.081922,0,1152.568,1185.077,0.1241677
TRUE,6.704983085,0,2.325710688,0,0,1455.164906,0,1154.978,1185.281,0.1243051
TRUE,6.704983085,0,2.325710688,0,0,1445.449366,0,1154.978,1185.281,0.1243051
TRUE,6.704983085,0,2.325710688,0,0,1438.959137,0,1154.978,1185.281,0.1243051
TRUE,6.704983085,0,2.777777778,0,0,1346.418806,0,1154.978,1185.281,0.1243051
TRUE,6.704983085,0,2.777777778,0,0,1323.871401,0,1154.978,1185.281,0.1243051
TRUE,6.704983085,0,2.777777778,0,0,1308.851639,0,1154.978,1185.281,0.1243051
TRUE,6.704983085,0,2.777777778,0,0,1298.826623,0,1154.978,1185.281,0.1243051
TRUE,6.704983085,0,2.777777778,0,0,1292.15512,0,1154.978,1185.281,0.1243051
TRUE,6.704983085,0,2.777777778,0,0,1287.695611,0,1154.978,1185.281,0.1243051
TRUE,5.26423575,0,2.777777778,0,0,1008.475495,0,1156.99,1185.45,0.1252166
TRUE,5.26423575,0,2.777777778,0,0,942.1971447,0,1156.99,1185.45,0.1252166
TRUE,5.26423575,0,2.777777778,0,0,898.0190748,0,1156.99,1185.45,0.1252166
TRUE,5.26423575,0,2.777777778,0,0,868.5595316,0,1156.99,1185.45,0.1252166
TRUE,5.26423575,0,2.777777778,0,0,848.9273327,0,1156.99,1185.45,0.1252166
TRUE,5.26423575,0,2.777777778,0,0,835.8317035,0,1156.99,1185.45,0.1252166
TRUE,5.26423575,0,2.777777778,0,0,827.1087807,0,1156.99,1185.45,0.1252166
TRUE,3.364265682,0,2.777777778,0,0,430.8058538,0,1158.346,1185.566,0.1250547
TRUE,3.364265682,0,2.777777778,0,0,350.8630679,0,1158.346,1185.566,0.1250547
TRUE,3.364265682,0,2.777777778,0,0,297.5661091,0,1158.346,1185.566,0.1250547
TRUE,3.364265682,0,2.777777778,0,0,262.0365714,0,1158.346,1185.566,0.1250547
TRUE,3.364265682,0,2.777777778,0,0,238.3484447,0,1158.346,1185.566,0.1250547
TRUE,3.364265682,0,2.777777778,0,0,222.5581285,0,1158.346,1185.566,0.1250547
TRUE,3.364265682,0,2.777777778,0,0,212.0294828,0,1158.346,1185.566,0.1250547
TRUE,3.364265682,0,2.777777778,0,0,205.0121539,0,1158.346,1185.566,0.1250547
TRUE,1.116585666,0,2.777777778,0,0,0,0,1159.077,1185.629,0.1270861
TRUE,1.116585666,0,2.777777778,0,0.303713342,0,0,1159.077,1185.629,0.1270861
TRUE,1.116585666,0,2.777777778,0,0.4,0,0,1159.077,1185.629,0.1270861
TRUE,1.116585666,0,2.777777778,0,0.4,0,0,1159.077,1185.629,0.1270861
TRUE,1.116585666,0,2.777777778,0,0.4,0,0,1159.077,1185.629,0.1270861
TRUE,1.116585666,0,2.777777778,0,0.4,0,0,1159.077,1185.629,0.1270861
TRUE,1.116585666,0,2.777777778,0,0.4,0,0,1159.077,1185.629,0.1270861
TRUE,1.116585666,0,2.777777778,0,0.4,0,0,1159.077,1185.629,0.1270861
TRUE,1.116585666,0,2.777777778,0,0.4,0,0,1159.077,1185.629,0.1270861
TRUE,0.001681862,0,2.777777778,0,0.4,0,0,1159.167,1185.636,0.1284002
TRUE,0.001681862,0,2.777777778,0,0.4,0,0,1159.167,1185.636,0.1284002
TRUE,0.001681862,0,2.777777778,0,0.4,0,0,1159.167,1185.636,0.1284002
TRUE,0.001681862,0,2.777777778,0,0.4,0,0,1159.167,1185.636,0.1284002
TRUE,0.001681862,0,1,0,0.4,0,0,1159.167,1185.636,0.1284002
TRUE,0.001681862,0,1,0,0.4,0,0,1159.167,1185.636,0.1284002
TRUE,0.001681862,0,1,0,0.4,0,0,1159.167,1185.636,0.1284002
TRUE,0.001681862,0,1,0,0.4,0,0,1159.167,1185.636,0.1284002
TRUE,8.16E-05,0,1,0,0.4,0,0,1159.167,1185.636,0.1284831
TRUE,8.16E-05,0,1,0,0.4,0,0,1159.167,1185.636,0.1284831
TRUE,8.16E-05,0,1,0,0.4,0,0,1159.167,1185.636,0.1284831
TRUE,8.16E-05,0,1,0,0.4,0,0,1159.167,1185.636,0.1284831
TRUE,8.16E-05,0,1,0,0.4,0,0,1159.167,1185.636,0.1284831
TRUE,8.16E-05,0,1,0,0.4,0,0,1159.167,1185.636,0.1284831
TRUE,1.73E-06,0,1,0,0.4,0,0,1159.167,1185.636,0.1284751
TRUE,1.73E-06,0,1,0,0.4,0,0,1159.167,1185.636,0.1284751
TRUE,1.73E-06,0,1,0,0.4,0,0,1159.167,1185.636,0.1284751
TRUE,1.73E-06,0,1,0,0.4,0,0,1159.167,1185.636,0.1284751
TRUE,1.73E-06,0,1,0,0.4,0,0,1159.167,1185.636,0.1284751
TRUE,1.73E-06,0,1,0,0.4,0,0,1159.167,1185.636,0.1284751
TRUE,1.73E-06,0,1,0,0.4,0,0,1159.167,1185.636,0.1284751
TRUE,1.73E-06,0,1,0,0.4,0,0,1159.167,1185.636,0.1284751
TRUE,1.73E-06,0,1,0,0.4,0,0,1159.167,1185.636,0.1284751
TRUE,6.84E-07,0,1,0,0.4,0,0,1159.167,1185.636,0.1284755
TRUE,6.84E-07,0,1,0,0.4,0,0,1159.167,1185.636,0.1284755
TRUE,6.84E-07,0,1,0,0.4,0,0,1159.167,1185.636,0.1284755
TRUE,6.84E-07,0,1,0,0.4,0,0,1159.167,1185.636,0.1284755
TRUE,6.84E-07,0,1,0,0.4,0,0,1159.167,1185.636,0.1284755
TRUE,6.84E-07,0,1,0,0.4,0,0,1159.167,1185.636,0.1284755
TRUE,6.84E-07,0,1,0,0.4,0,0,1159.167,1185.636,0.1284755
TRUE,6.84E-07,0,1,0,0.4,0,0,1159.167,1185.636,0.1284755
TRUE,2.38E-07,0,1,0,0.4,0,0,1159.167,1185.636,0.1284755
TRUE,2.38E-07,0,1,0,0.4,0,0,1159.167,1185.636,0.1284755
TRUE,2.38E-07,0,1,0,0.4,0,0,1159.167,1185.636,0.1284755
TRUE,2.38E-07,0,1,0,0.4,0,0,1159.167,1185.636,0.1284755
TRUE,2.38E-07,0,1,0,0.4,0,0,1159.167,1185.636,0.1284755
TRUE,2.38E-07,0,1,0,0.4,0,0,1159.167,1185.636,0.1284755
TRUE,7.29E-07,0,1,0,0.4,0,0,1159.167,1185.636,0.1284755
TRUE,7.29E-07,0,1,0,0.4,0,0,1159.167,1185.636,0.1284755
TRUE,7.29E-07,0,1,0,0.4,0,0,1159.167,1185.636,0.1284755
TRUE,7.29E-07,0,1,0,0.4,0,0,1159.167,1185.636,0.1284755
TRUE,7.29E-07,0,1,0,0.4,0,0,1159.167,1185.636,0.1284755
TRUE,7.29E-07,0,1,0,0.4,0,0,1159.167,1185.636,0.1284755
TRUE,7.29E-07,0,1,0,0.4,0,0,1159.167,1185.636,0.1284755
TRUE,7.29E-07,0,1,0,0.4,0,0,1159.167,1185.636,0.1284755
TRUE,7.29E-07,0,1,0,0.4,0,0,1159.167,1185.636,0.1284755
TRUE,2.38E-07,0,1,0,0.4,0,0,1159.167,1185.636,0.1284755
TRUE,2.38E-07,0,1,0,0.4,0,0,1159.167,1185.636,0.1284755
TRUE,2.38E-07,0,1,0,0.4,0,0,1159.167,1185.636,0.1284755
TRUE,2.38E-07,0,1,0,0.4,0,0,1159.167,1185.636,0.1284755
TRUE,2.38E-07,0,1,0,0.4,0,0,1159.167,1185.636,0.1284755
TRUE,2.38E-07,0,1,0,0.4,0,0,1159.167,1185.636,0.1284755
TRUE,2.38E-07,0,1,0,0.4,0,0,1159.167,1185.636,0.1284755
TRUE,2.38E-07,0,1,0,0.4,0,0,1159.167,1185.636,0.1284755
TRUE,1.94E-07,0,1,0,0.4,0,0,1159.167,1185.636,0.1284755
TRUE,1.94E-07,0,1,0,0.4,0,0,1159.167,1185.636,0.1284755
TRUE,1.94E-07,0,1,0,0.4,0,0,1159.167,1185.636,0.1284755
TRUE,1.94E-07,0,1,0,0.4,0,0,1159.167,1185.636,0.1284755
TRUE,1.94E-07,0,1,0,0.4,0,0,1159.167,1185.636,0.1284755
TRUE,1.94E-07,0,1,0,0.4,0,0,1159.167,1185.636,0.1284755
TRUE,1.94E-07,0,1,0,0.4,0,0,1159.167,1185.636,0.1284755
TRUE,1.94E-07,0,1,0,0.4,0,0,1159.167,1185.636,0.1284755
TRUE,2.98E-07,0,1,0,0.4,0,0,1159.167,1185.636,0.1284755
TRUE,2.98E-07,0,1,0,0.4,0,0,1159.167,1185.636,0.1284755
TRUE,2.98E-07,0,1,0,0.4,0,0,1159.167,1185.636,0.1284755
TRUE,2.98E-07,0,1,0,0.4,0,0,1159.167,1185.636,0.1284755
TRUE,2.98E-07,0,1,0,0.4,0,0,1159.167,1185.636,0.1284755
TRUE,2.98E-07,0,1,0,0.4,0,0,1159.167,1185.636,0.1284755
TRUE,2.98E-07,0,1,0,0.4,0,0,1159.167,1185.636,0.1284755
TRUE,2.98E-07,0,1,0,0.4,0,0,1159.167,1185.636,0.1284755
TRUE,2.98E-07,0,1,0,0.4,0,0,1159.167,1185.636,0.1284755
TRUE,2.98E-07,0,1,0,0.4,0,0,1159.167,1185.636,0.1284755
TRUE,2.98E-07,0,1,0,0.4,0,0,1159.167,1185.636,0.1284755
TRUE,2.98E-07,0,1,0,0.4,0,0,1159.167,1185.636,0.1284755
TRUE,2.98E-07,0,1,0,0.4,0,0,1159.167,1185.636,0.1284755
TRUE,2.98E-07,0,1,0,0.4,0,0,1159.167,1185.636,0.1284755
TRUE,2.98E-07,0,1,0,0.4,0,0,1159.167,1185.636,0.1284755
TRUE,2.98E-07,0,1,0,0.4,0,0,1159.167,1185.636,0.1284755
TRUE,2.98E-07,0,1,0,0.4,0,0,1159.167,1185.636,0.1284755
TRUE,2.98E-07,0,1,0,0.4,0,0,1159.167,1185.636,0.1284755
TRUE,2.98E-07,0,1,0,0.4,0,0,1159.167,1185.636,0.1284755
TRUE,2.98E-07,0,1,0,0.4,0,0,1159.167,1185.636,0.1284755
TRUE,2.98E-07,0,1,0,0.4,0,0,1159.167,1185.636,0.1284755
TRUE,2.98E-07,0,1,0,0.4,0,0,1159.167,1185.636,0.1284755
TRUE,2.98E-07,0,1,0,0.4,0,0,1159.167,1185.636,0.1284755
TRUE,2.98E-07,0,1,0,0.4,0,0,1159.167,1185.636,0.1284755
TRUE,2.98E-07,0,1,0,0.4,0,0,1159.167,1185.636,0.1284755
TRUE,2.98E-07,0,1,0,0.4,0,0,1159.167,1185.636,0.1284755
TRUE,2.98E-07,0,1,0,0.4,0,0,1159.167,1185.636,0.1284755
TRUE,2.98E-07,0,1,0,0.4,0,0,1159.167,1185.636,0.1284755
TRUE,2.98E-07,0,1,0,0.4,0,0,1159.167,1185.636,0.1284755
TRUE,2.98E-07,0,1,0,0.4,0,0,1159.167,1185.636,0.1284755
TRUE,2.98E-07,0,1,0,0.4,0,0,1159.167,1185.636,0.1284755
TRUE,2.98E-07,0,1,0,0.4,0,0,1159.167,1185.636,0.1284755
TRUE,2.98E-07,0,1,0,0.4,0,0,1159.167,1185.636,0.1284755
TRUE,2.98E-07,0,1,0,0.4,0,0,1159.167,1185.636,0.1284755
TRUE,2.98E-07,0,1,0,0.4,0,0,1159.167,1185.636,0.1284755
TRUE,2.98E-07,0,1,0,0.4,0,0,1159.167,1185.636,0.1284755
TRUE,3.33E-08,0,1,0,0.4,0,0,1159.167,1185.636,0.1284755
TRUE,3.33E-08,0,1,0,0.4,0,0,1159.167,1185.636,0.1284755
TRUE,3.33E-08,0,1,0,0.4,0,0,1159.167,1185.636,0.1284755
TRUE,3.33E-08,0,1,0,0.4,0,0,1159.167,1185.636,0.1284755
TRUE,3.33E-08,0,1,0,0.4,0,0,1159.167,1185.636,0.1284755
TRUE,3.33E-08,0,1,0,0.4,0,0,1159.167,1185.636,0.1284755
TRUE,2.98E-07,0,1,0,0.4,0,0,1159.167,1185.636,0.1284755
TRUE,2.98E-07,0,1,0,0.4,0,0,1159.167,1185.636,0.1284755
TRUE,2.98E-07,0,1,0,0.4,0,0,1159.167,1185.636,0.1284755
TRUE,2.98E-07,0,1,0,0.4,0,0,1159.167,1185.636,0.1284755
TRUE,2.98E-07,0,1,0,0.4,0,0,1159.167,1185.636,0.1284755
TRUE,2.98E-07,0,1,0,0.4,0,0,1159.167,1185.636,0.1284755
TRUE,2.98E-07,0,1,0,0.4,0,0,1159.167,1185.636,0.1284755
TRUE,2.98E-07,0,1,0,0.4,0,0,1159.167,1185.636,0.1284755
TRUE,2.98E-07,0,1,0,0.4,0,0,1159.167,1185.636,0.1284755
TRUE,2.98E-07,0,1,0,0.4,0,0,1159.167,1185.636,0.1284755
TRUE,2.98E-07,0,1,0,0.4,0,0,1159.167,1185.636,0.1284755
TRUE,2.98E-07,0,1,0,0.4,0,0,1159.167,1185.636,0.1284755
TRUE,2.98E-07,0,1,0,0.4,0,0,1159.167,1185.636,0.1284755
TRUE,2.98E-07,0,1,0,0.4,0,0,1159.167,1185.636,0.1284755
TRUE,2.98E-07,0,1,0,0.4,0,0,1159.167,1185.636,0.1284755
TRUE,2.98E-07,0,1,0,0.4,0,0,1159.167,1185.636,0.1284755
TRUE,2.98E-07,0,1,0,0.4,0,0,1159.167,1185.636,0.1284755
TRUE,2.98E-07,0,1,0,0.4,0,0,1159.167,1185.636,0.1284755
TRUE,2.98E-07,0,1,0,0.4,0,0,1159.167,1185.636,0.1284755
TRUE,2.98E-07,0,1,0,0.4,0,0,1159.167,1185.636,0.1284755
TRUE,2.98E-07,0,1,0,0.4,0,0,1159.167,1185.636,0.1284755
TRUE,2.98E-07,0,1,0,0.4,0,0,1159.167,1185.636,0.1284755
TRUE,2.98E-07,0,1,0,0.4,0,0,1159.167,1185.636,0.1284755
TRUE,2.98E-07,0,1,0,0.4,0,0,1159.167,1185.636,0.1284755
TRUE,2.98E-07,0,1,0,0.4,0,0,1159.167,1185.636,0.1284755
TRUE,2.98E-07,0,1,0,0.4,0,0,1159.167,1185.636,0.1284755
TRUE,2.98E-07,0,1,0,0.4,0,0,1159.167,1185.636,0.1284755
TRUE,8.03E-07,0,1,0,0.4,0,0,1159.167,1185.636,0.1284755
TRUE,8.03E-07,0,1,0,0.4,0,0,1159.167,1185.636,0.1284755
TRUE,8.03E-07,0,1,0,0.4,0,0,1159.167,1185.636,0.1284755
TRUE,8.03E-07,0,1,0,0.4,0,0,1159.167,1185.636,0.1284755
TRUE,8.03E-07,0,1,0,0.4,0,0,1159.167,1185.636,0.1284755
TRUE,8.03E-07,0,1,0,0.4,0,0,1159.167,1185.636,0.1284755
TRUE,8.03E-07,0,1,0,0.4,0,0,1159.167,1185.636,0.1284755
TRUE,0.512206809,0,1,0,0.4,0,0,1159.253,1185.644,0.1282592
TRUE,0.512206809,0,1,0,0.4,0,0,1159.253,1185.644,0.1282592
TRUE,0.512206809,0,1,0,0.4,0,0,1159.253,1185.644,0.1282592
TRUE,0.512206809,0,1,0,0.4,0,0,1159.253,1185.644,0.1282592
TRUE,0.512206809,0,1,0,0.4,0,0,1159.253,1185.644,0.1282592
TRUE,0.512206809,0,1,0,0.4,0,0,1159.253,1185.644,0.1282592
TRUE,0.512206809,0,1,0,0.4,0,0,1159.253,1185.644,0.1282592
TRUE,0.512206809,0,1,0,0.4,0,0,1159.253,1185.644,0.1282592
TRUE,1.221119712,0,1,0,0.068171503,0,0,1159.554,1185.669,0.1277822
TRUE,1.221119712,0,1,0,0,0,0,1159.554,1185.669,0.1277822
TRUE,1.221119712,0,1,0,0,0,0,1159.554,1185.669,0.1277822
TRUE,1.221119712,0,1,0,0,0,0,1159.554,1185.669,0.1277822
TRUE,1.221119712,0,1,0,0,0,0,1159.554,1185.669,0.1277822
TRUE,1.221119712,0,1,0,0,0,0,1159.554,1185.669,0.1277822
TRUE,1.221119712,0,1,0,0,0,0,1159.554,1185.669,0.1277822
TRUE,1.9122212,0,1,0,0,258.0418581,0,1160.094,1185.715,0.1272738
TRUE,1.9122212,0,1,0,0,271.0431448,0,1160.094,1185.715,0.1272738
TRUE,1.9122212,0,1.371875753,0,0,176.5570224,0,1160.094,1185.715,0.1272738
TRUE,1.9122212,0,1.371875753,0,0,176.3554055,0,1160.094,1185.715,0.1272738
TRUE,1.9122212,0,1.371875753,0,0,176.219365,0,1160.094,1185.715,0.1272738
TRUE,1.9122212,0,1.371875753,0,0,176.1303006,0,1160.094,1185.715,0.1272738
TRUE,2.536224219,-0.001280277,1.371875753,0,0,349.1552526,0,1160.809,1185.776,0.126816
TRUE,2.536224219,0,1.371875753,0,0,359.1520613,0,1160.809,1185.776,0.126816
TRUE,2.536224219,0,1.371875753,0,0,365.81309,0,1160.809,1185.776,0.126816
TRUE,2.536224219,0,1.371875753,0,0,370.2572863,0,1160.809,1185.776,0.126816
TRUE,2.536224219,0,1.371875753,0,0,373.2165733,0,1160.809,1185.776,0.126816
TRUE,2.536224219,0,1.909157328,0,0,271.7245507,0,1160.809,1185.776,0.126816
TRUE,2.536224219,0,1.909157328,0,0,249.2115408,0,1160.809,1185.776,0.126816
TRUE,3.177702926,0,1.909157328,0,0,357.488176,0,1161.784,1185.859,0.1263451
TRUE,3.177702926,0,1.909157328,0,0,376.0133899,0,1161.784,1185.859,0.1263451
TRUE,3.177702926,0,1.909157328,0,0,388.3673571,0,1161.784,1185.859,0.1263451
TRUE,3.177702926,0,2.507706366,-0.06417423,0,230.5739784,-0.721549218,1161.784,1185.859,0.1263451
TRUE,3.177702926,0,2.507706366,-0.06417423,0,226.4394323,-0.721549218,1161.784,1185.859,0.1263451
TRUE,3.177702926,0,2.507706366,-0.06417423,0,223.6810481,-0.721549218,1161.784,1185.859,0.1263451
TRUE,3.177702926,0,2.507706366,-0.06417423,0,221.8441454,-0.721549218,1161.784,1185.859,0.1263451
TRUE,3.797389327,0,2.507706366,-0.065380755,0,392.5061374,-0.878134992,1162.973,1185.96,0.12589
TRUE,3.797389327,0,2.777777778,-0.065380755,0,349.6586013,-0.792929744,1162.973,1185.96,0.12589
TRUE,3.797389327,0,2.777777778,-0.065380755,0,343.7743717,-0.792929744,1162.973,1185.96,0.12589
TRUE,3.797389327,0,2.777777778,-0.065380755,0,339.8546261,-0.792929744,1162.973,1185.96,0.12589
TRUE,3.797389327,0,2.777777778,-0.065380755,0,337.2383883,-0.792929744,1162.973,1185.96,0.12589
TRUE,3.797389327,0,2.777777778,-0.065380755,0,335.4973038,-0.792929744,1162.973,1185.96,0.12589
TRUE,3.797389327,0,2.777777778,-0.065380755,0,334.3335067,-0.792929744,1162.973,1185.96,0.12589
TRUE,4.361387061,0,2.777777778,-0.066795576,0,442.2311427,-0.930069853,1164.28,1186.071,0.1254759
TRUE,4.361387061,0,2.777777778,-0.066795576,0,466.7057134,-0.930069853,1164.28,1186.071,0.1254759
TRUE,4.361387061,0,2.777777778,-0.066795576,0,483.0268684,-0.930069853,1164.28,1186.071,0.1254759
TRUE,4.361387061,0,2.777777778,-0.066795576,0,493.9028639,-0.930069853,1164.28,1186.071,0.1254759
TRUE,4.940860426,0,2.777777778,-0.069698199,0,613.0994658,-1.098855395,1165.862,1186.206,0.1250504
TRUE,4.940860426,0,2.777777778,-0.069698199,0,643.5139678,-1.098855395,1165.862,1186.206,0.1250504
TRUE,4.940860426,0,2.777777778,-0.069698199,0,663.7968242,-1.098855395,1165.862,1186.206,0.1250504
TRUE,4.940860426,0,2.777777778,-0.069698199,0,677.3122067,-1.098855395,1165.862,1186.206,0.1250504
TRUE,4.940860426,0,2.777777778,-0.069698199,0,686.3289834,-1.098855395,1165.862,1186.206,0.1250504
TRUE,4.940860426,0,2.777777778,-0.069698199,0,692.3336462,-1.098855395,1165.862,1186.206,0.1250504
TRUE,4.940860426,0,2.777777778,-0.069698199,0,696.3432764,-1.098855395,1165.862,1186.206,0.1250504
TRUE,4.940860426,0,2.777777778,-0.069698199,0,699.0098415,-1.098855395,1165.862,1186.206,0.1250504
TRUE,4.940860426,0,2.777777778,-0.069698199,0,700.7940733,-1.098855395,1165.862,1186.206,0.1250504
TRUE,5.465837379,0,2.777777778,-0.072694544,0,847.5951469,-1.159571028,1167.63,1186.356,0.1258134
TRUE,5.465837379,0,2.777777778,-0.072694544,0,856.8335249,-1.159571028,1167.63,1186.356,0.1258134
TRUE,5.465837379,0,2.777777778,-0.072694544,0,862.9843391,-1.159571028,1167.63,1186.356,0.1258134
TRUE,5.465837379,0,2.777777778,-0.072694544,0,867.0929863,-1.159571028,1167.63,1186.356,0.1258134
TRUE,5.465837379,0,2.777777778,-0.072694544,0,869.82398,-1.159571028,1167.63,1186.356,0.1258134
TRUE,5.465837379,0,2.777777778,-0.072694544,0,871.652747,-1.159571028,1167.63,1186.356,0.1258134
TRUE,5.465837379,0,2.777777778,-0.072694544,0,872.8638205,-1.159571028,1167.63,1186.356,0.1258134
TRUE,5.465837379,0,2.777777778,-0.072694544,0,873.6793073,-1.159571028,1169.464,1186.511,0.1251905
TRUE,6.037981523,0,2.777777778,-0.075181387,0,1032.916203,-1.199068841,1169.464,1186.511,0.1251905
TRUE,6.037981523,0,2.777777778,-0.075181387,0,1042.483146,-1.199068841,1169.464,1186.511,0.1251905
TRUE,6.037981523,0,2.777777778,-0.075181387,0,1048.851279,-1.199068841,1169.464,1186.511,0.1251905
TRUE,6.037981523,0,2.777777778,-0.075181387,0,1053.10653,-1.199068841,1169.464,1186.511,0.1251905
TRUE,6.037981523,0,2.777777778,-0.075181387,0,1055.933534,-1.199068841,1169.464,1186.511,0.1251905
TRUE,6.037981523,0,2.777777778,-0.075181387,0,1057.828034,-1.199068841,1169.464,1186.511,0.1251905
TRUE,6.507936794,0,2.777777778,-0.079725937,0,1189.437397,-1.271204041,1171.583,1186.691,0.1195129
TRUE,6.507936794,0,2.777777778,-0.079725937,0,1197.84097,-1.271204041,1171.583,1186.691,0.1195129
TRUE,6.507936794,0,2.777777778,-0.079725937,0,1203.432106,-1.271204041,1171.583,1186.691,0.1195129
TRUE,6.507936794,0,2.777777778,-0.079725937,0,1207.170777,-1.271204041,1171.583,1186.691,0.1195129
TRUE,6.507936794,0,2.777777778,-0.079725937,0,1209.651978,-1.271204041,1171.583,1186.691,0.1195129
TRUE,6.507936794,0,2.777777778,-0.079725937,0,1211.317358,-1.271204041,1171.583,1186.691,0.1195129
TRUE,6.507936794,0,2.777777778,-0.079725937,0,1212.416365,-1.271204041,1171.583,1186.691,0.1195129
TRUE,7.037773072,0,2.777777778,-0.082844604,0,1315.582465,-1.320671531,1173.879,1186.886,0.1185977
TRUE,7.037773072,0,2.777777778,-0.082844604,0,1339.434866,-1.320671531,1173.879,1186.886,0.1185977
TRUE,7.037773072,0,2.777777778,-0.082844604,0,1355.349311,-1.320671531,1173.879,1186.886,0.1185977
TRUE,7.037773072,0,2.777777778,-0.082844604,0,1365.946096,-1.320671531,1173.879,1186.886,0.1185977
TRUE,7.037773072,0,2.777777778,-0.082844604,0,1373.023464,-1.320671531,1173.879,1186.886,0.1185977
TRUE,7.037773072,0,2.777777778,-0.082844604,0,1377.728865,-1.320671531,1173.879,1186.886,0.1185977
TRUE,7.474803846,0,2.777777778,-0.086131465,0,1465.5,-1.372774845,1176.194,1187.083,0.1138178
TRUE,7.474803846,0,2.777777778,-0.086131465,0,1486.81521,-1.372774845,1176.194,1187.083,0.1138178
TRUE,7.474803846,0,2.777777778,-0.086131465,0,1501.039511,-1.372774845,1176.194,1187.083,0.1138178
TRUE,7.474803846,0,2.777777778,-0.086131465,0,1510.508217,-1.372774845,1176.194,1187.083,0.1138178
TRUE,7.474803846,0,2.777777778,-0.086131465,0,1516.834849,-1.372774845,1176.194,1187.083,0.1138178
TRUE,7.474803846,0,2.777777778,-0.086131465,0,1521.038442,-1.372774845,1176.194,1187.083,0.1138178
TRUE,7.959283446,0.015971744,2.777777778,-0.086131465,0,1617.015182,-1.372774845,1178.813,1187.305,0.1137775
TRUE,7.959283446,0,2.777777778,-0.089237977,0,1640.410747,-1.421987946,1178.813,1187.305,0.1137775
TRUE,7.959283446,0,2.777777778,-0.089237977,0,1656.023412,-1.421987946,1178.813,1187.305,0.1137775
TRUE,7.959283446,0,2.777777778,-0.089237977,0,1666.416233,-1.421987946,1178.813,1187.305,0.1137775
TRUE,7.959283446,0,2.777777778,-0.089237977,0,1673.360403,-1.421987946,1178.813,1187.305,0.1137775
TRUE,7.959283446,0,2.777777778,-0.089237977,0,1677.974227,-1.421987946,1178.813,1187.305,0.1137775
TRUE,7.959283446,0,2.777777778,-0.089237977,0,1681.065732,-1.421987946,1178.813,1187.305,0.1137775
TRUE,7.959283446,0,2.777777778,-0.089237977,0,1683.111114,-1.421987946,1178.813,1187.305,0.1137775
TRUE,7.959283446,0,2.777777778,-0.089237977,0,1684.490323,-1.421987946,1178.813,1187.305,0.1137775
TRUE,7.959283446,0,2.777777778,-0.089237977,0,1685.394174,-1.421987946,1178.813,1187.305,0.1137775
TRUE,8.403533917,0,2.777777778,-0.092340503,0,1726.596116,-1.471106446,1181.591,1187.54,0.1134342
TRUE,8.403533917,0,2.777777778,-0.092340503,0,1754.064077,-1.471106446,1181.591,1187.54,0.1134342
TRUE,8.403533917,0,2.777777778,-0.092340503,0,1772.376052,-1.471106446,1181.591,1187.54,0.1134342
TRUE,8.403533917,0,2.777777778,-0.092340503,0,1784.584034,-1.471106446,1181.591,1187.54,0.1134342
TRUE,8.403533917,0,2.777777778,-0.092340503,0,1792.72269,-1.471106446,1181.591,1187.54,0.1134342
TRUE,8.403533917,0,2.777777778,-0.092340503,0,1798.14846,-1.471106446,1181.591,1187.54,0.1134342
TRUE,8.823313418,0,2.777777778,-0.092340503,0,1801.76564,-1.471106446,1184.345,1187.774,0.1131305
TRUE,8.823313418,0,2.777777778,-0.095200287,0,1804.177093,-1.516353143,1184.345,1187.774,0.1131305
TRUE,8.823313418,0,2.777777778,-0.095200287,0,1805.784729,-1.516353143,1184.345,1187.774,0.1131305
TRUE,8.823313418,0,2.777777778,-0.095200287,0,1806.856486,-1.516353143,1184.345,1187.774,0.1131305
TRUE,8.823313418,0,2.777777778,-0.095200287,0,1807.570991,-1.516353143,1184.345,1187.774,0.1131305
TRUE,8.823313418,0,2.777777778,-0.095200287,0,1808.047327,-1.516353143,1184.345,1187.774,0.1131305
TRUE,9.273415642,0,2.777777778,-0.102251444,0,1808.364885,-1.543286884,1187.416,1188.034,0.1128191
TRUE,9.273415642,0,2.777777778,-0.098942882,0,1808.57659,-1.543286884,1187.416,1188.034,0.1128191
TRUE,9.273415642,0,2.777777778,-0.098942882,0,1808.717727,-1.543286884,1187.416,1188.034,0.1128191
TRUE,9.273415642,0,2.777777778,-0.098942882,0,1808.811818,-1.543286884,1187.416,1188.034,0.1128191
TRUE,9.273415642,0,2.777777778,-0.098942882,0,1808.874545,-1.543286884,1187.416,1188.034,0.1128191
TRUE,9.273415642,0,2.777777778,-0.098942882,0,1808.916363,-1.543286884,1187.416,1188.034,0.1128191
TRUE,9.273415642,0,2.777777778,-0.098942882,0,1808.944242,-1.543286884,1187.416,1188.034,0.1128191
TRUE,9.273415642,0,2.777777778,-0.098942882,0,1808.962828,-1.543286884,1187.416,1188.034,0.1128191
TRUE,9.273415642,0,2.777777778,-0.098942882,0,1808.975219,-1.543286884,1187.416,1188.034,0.1128191
TRUE,9.273415642,0,2.777777778,-0.098942882,0,1808.983479,-1.543286884,1187.416,1188.034,0.1128191
TRUE,9.676189741,0,2.777777778,-0.102014138,0,1808.988986,-1.418283941,1190.63,1188.306,0.1046521
TRUE,9.676189741,0,2.777777778,-0.102014138,0,1808.992657,-1.418283941,1190.63,1188.306,0.1046521
TRUE,9.676189741,0,2.777777778,-0.102014138,0,1808.995105,-1.418283941,1190.63,1188.306,0.1046521
TRUE,9.676189741,0,2.777777778,-0.102014138,0,1808.996737,-1.418283941,1190.63,1188.306,0.1046521
TRUE,9.676189741,0,2.777777778,-0.102014138,0,1808.997824,-1.418283941,1190.63,1188.306,0.1046521
TRUE,9.676189741,0,2.777777778,-0.102014138,0,1808.99855,-1.418283941,1190.63,1188.306,0.1046521
TRUE,9.676189741,0,2.777777778,-0.102014138,0,1808.999033,-1.418283941,1190.63,1188.306,0.1046521
TRUE,9.676189741,0,2.777777778,-0.102014138,0,1808.999355,-1.418283941,1190.63,1188.306,0.1046521
TRUE,10.0745292,0,2.777777778,-0.105687293,0,1808.99957,-1.308941643,1193.785,1188.573,0.0862059
TRUE,10.0745292,0,2.777777778,-0.105687293,0,1808.999714,-1.308941643,1193.785,1188.573,0.0862059
TRUE,10.0745292,0,2.777777778,-0.105687293,0,1808.999809,-1.308941643,1193.785,1188.573,0.0862059
TRUE,10.0745292,0,2.777777778,-0.105687293,0,1808.999873,-1.308941643,1193.785,1188.573,0.0862059
TRUE,10.0745292,0,2.777777778,-0.105687293,0,1808.999915,-1.308941643,1193.785,1188.573,0.0862059
TRUE,10.0745292,0,2.777777778,-0.105687293,0,1808.999943,-1.308941643,1193.785,1188.573,0.0862059
TRUE,10.47827338,0,2.777777778,-0.11102703,0,1808.999962,-1.210472347,1197.271,1188.867,0.06617764
TRUE,10.47827338,0,2.777777778,-0.11102703,0,1808.999975,-1.210472347,1197.271,1188.867,0.06617764
TRUE,10.47827338,0,2.777777778,-0.11102703,0,1808.999983,-1.210472347,1197.271,1188.867,0.06617764
TRUE,10.47827338,0,2.777777778,-0.11102703,0,1808.999989,-1.210472347,1197.271,1188.867,0.06617764
TRUE,10.47827338,0,2.777777778,-0.11102703,0,1808.999993,-1.210472347,1197.271,1188.867,0.06617764
TRUE,10.47827338,0,2.777777778,-0.11102703,0,1808.999995,-1.210472347,1197.271,1188.867,0.06617764
TRUE,10.47827338,0,2.777777778,-0.11102703,0,1808.999997,-1.210472347,1197.271,1188.867,0.06617764
TRUE,10.87868711,-0.000189238,2.777777778,-0.11102703,0,1808.999998,-1.123352663,1200.891,1189.173,0.05670786
TRUE,10.87868711,0,2.777777778,-0.119007832,0,1808.999999,-1.123352663,1200.891,1189.173,0.05670786
TRUE,10.87868711,0,2.777777778,-0.119007832,0,1808.999999,-1.123352663,1200.891,1189.173,0.05670786
TRUE,10.87868711,0,2.777777778,-0.119007832,0,1808.999999,-1.123352663,1200.891,1189.173,0.05670786
TRUE,10.87868711,0,2.777777778,-0.119007832,0,1809,-1.123352663,1200.891,1189.173,0.05670786
TRUE,10.87868711,0,2.777777778,-0.119007832,0,1809,-1.123352663,1200.891,1189.173,0.05670786
TRUE,10.87868711,0,2.777777778,-0.119007832,0,1809,-1.123352663,1200.891,1189.173,0.05670786
TRUE,11.21000186,-0.004132421,2.777777778,-0.119007832,0,1809,-1.058161488,1204.414,1189.471,0.04938332
TRUE,11.21000186,0,2.777777778,-0.12823786,0,1809,-1.058161488,1204.414,1189.471,0.04938332
TRUE,11.21000186,0,2.777777778,-0.12823786,0,1809,-1.058161488,1204.414,1189.471,0.04938332
TRUE,11.21000186,0,2.777777778,-0.12823786,0,1809,-1.058161488,1204.414,1189.471,0.04938332
TRUE,11.21000186,0,2.777777778,-0.12823786,0,1809,-1.058161488,1204.414,1189.471,0.04938332
TRUE,11.21000186,0,2.777777778,-0.12823786,0,1809,-1.058161488,1204.414,1189.471,0.04938332
TRUE,11.56559536,0,2.777777778,-0.139909486,0,1809,-0.994292504,1208.276,1189.798,0.03740279
TRUE,11.56559536,0,2.777777778,-0.139909486,0,1809,-0.994292504,1208.276,1189.798,0.03740279
TRUE,11.56559536,0,2.777777778,-0.139909486,0,1809,-0.994292504,1208.276,1189.798,0.03740279
TRUE,11.56559536,0,2.777777778,-0.139909486,0,1809,-0.994292504,1208.276,1189.798,0.03740279
TRUE,11.56559536,0,2.777777778,-0.139909486,0,1809,-0.994292504,1208.276,1189.798,0.03740279
TRUE,11.56559536,0,2.777777778,-0.139909486,0,1809,-0.994292504,1208.276,1189.798,0.03740279
TRUE,11.90438015,0,2.777777778,-0.152339854,0,1809,-0.938658878,1212.255,1190.134,0.03023553
TRUE,11.90438015,0,2.777777778,-0.152339854,0,1809,-0.938658878,1212.255,1190.134,0.03023553
TRUE,11.90438015,0,2.777777778,-0.152339854,0,1809,-0.938658878,1212.255,1190.134,0.03023553
TRUE,11.90438015,0,2.777777778,-0.152339854,0,1809,-0.938658878,1212.255,1190.134,0.03023553
TRUE,11.90438015,0,2.777777778,-0.152339854,0,1809,-0.938658878,1212.255,1190.134,0.03023553
TRUE,12.21133123,0,2.777777778,-0.165790516,0,1809,-0.892178362,1216.103,1190.458,0.02608103
TRUE,12.21133123,0,2.777777778,-0.165790516,0,1809,-0.892178362,1216.103,1190.458,0.02608103
TRUE,12.21133123,0,2.777777778,-0.165790516,0,1809,-0.892178362,1216.103,1190.458,0.02608103
TRUE,12.21133123,0,2.777777778,-0.165790516,0,1809,-0.892178362,1216.103,1190.458,0.02608103
TRUE,12.21133123,0,2.777777778,-0.165790516,0,1809,-0.892178362,1216.103,1190.458,0.02608103
TRUE,12.21133123,0,2.777777778,-0.165790516,0,1809,-0.892178362,1216.103,1190.458,0.02608103
TRUE,12.52579258,0,2.777777778,-0.180478516,0,1809,-0.848043482,1220.297,1190.813,0.0221645
TRUE,12.52579258,0,2.777777778,-0.180478516,0,1809,-0.848043482,1220.297,1190.813,0.0221645
TRUE,12.52579258,0,2.777777778,-0.180478516,0,1809,-0.848043482,1220.297,1190.813,0.0221645
TRUE,12.52579258,0,2.777777778,-0.180478516,0,1809,-0.848043482,1220.297,1190.813,0.0221645
TRUE,12.52579258,0,2.777777778,-0.180478516,0,1809,-0.848043482,1220.297,1190.813,0.0221645
TRUE,12.52579258,0,2.777777778,-0.180478516,0,1809,-0.848043482,1220.297,1190.813,0.0221645
TRUE,12.52579258,0,2.777777778,-0.180478516,0,1809,-0.848043482,1220.297,1190.813,0.0221645
TRUE,12.52579258,0,2.777777778,-0.180478516,0,1809,-0.848043482,1220.297,1190.813,0.0221645
TRUE,12.8276474,0,2.777777778,-0.195988028,0,1809,-0.808681832,1224.595,1191.175,0.02107014
TRUE,12.8276474,0,2.777777778,-0.195988028,0,1809,-0.808681832,1224.595,1191.175,0.02107014
TRUE,12.8276474,0,2.777777778,-0.195988028,0,1809,-0.808681832,1224.595,1191.175,0.02107014
TRUE,12.8276474,0,2.777777778,-0.195988028,0,1809,-0.808681832,1224.595,1191.175,0.02107014
TRUE,12.8276474,0,2.777777778,-0.195988028,0,1809,-0.808681832,1224.595,1191.175,0.02107014
TRUE,12.8276474,0,2.777777778,-0.195988028,0,1809,-0.808681832,1224.595,1191.175,0.02107014
TRUE,12.8276474,0,2.777777778,-0.195988028,0,1809,-0.808681832,1224.595,1191.175,0.02107014
TRUE,13.10212996,0,2.777777778,-0.210692295,0,1809,-0.775216462,1228.732,1191.524,0.02017715
TRUE,13.10212996,0,2.777777778,-0.210692295,0,1809,-0.775216462,1228.732,1191.524,0.02017715
TRUE,13.10212996,0,2.777777778,-0.210692295,0,1809,-0.775216462,1228.732,1191.524,0.02017715
TRUE,13.10212996,0,2.777777778,-0.210692295,0,1809,-0.775216462,1228.732,1191.524,0.02017715
TRUE,13.10212996,0,2.777777778,-0.210692295,0,1809,-0.775216462,1228.732,1191.524,0.02017715
TRUE,13.10212996,0,2.777777778,-0.210692295,0,1809,-0.775216462,1228.732,1191.524,0.02017715
TRUE,13.10212996,0,2.777777778,-0.210692295,0,1809,-0.775216462,1228.732,1191.524,0.02017715
TRUE,13.38367575,0,2.777777778,-0.227173922,0,1809,-0.7429992,1233.222,1191.902,0.01980321
TRUE,13.38367575,0,2.777777778,-0.227173922,0,1809,-0.7429992,1233.222,1191.902,0.01980321
TRUE,13.38367575,0,2.777777778,-0.227173922,0,1809,-0.7429992,1233.222,1191.902,0.01980321
TRUE,13.38367575,0,2.777777778,-0.227173922,0,1809,-0.7429992,1233.222,1191.902,0.01980321
TRUE,13.38367575,0,2.777777778,-0.227173922,0,1809,-0.7429992,1233.222,1191.902,0.01980321
TRUE,13.38367575,0,2.777777778,-0.227173922,0,1809,-0.7429992,1233.222,1191.902,0.01980321
TRUE,13.38367575,0,2.777777778,-0.227173922,0,1809,-0.7429992,1233.222,1191.902,0.01980321
TRUE,13.38367575,0,2.777777778,-0.227173922,0,1809,-0.7429992,1233.222,1191.902,0.01980321
TRUE,12.99355288,0,2.777777778,-0.246427464,0,1809,-0.788201978,1237.691,1192.278,0.01992965
TRUE,12.99355288,0,2.777777778,-0.250266117,0,1809,-0.788201978,1237.691,1192.278,0.01992965
TRUE,12.99355288,0,2.777777778,-0.250266117,0,1809,-0.788201978,1237.691,1192.278,0.01992965
TRUE,12.99355288,0,2.777777778,-0.250266117,0,1809,-0.788201978,1237.691,1192.278,0.01992965
TRUE,12.99355288,0,2.777777778,-0.250266117,0,1809,-0.788201978,1237.691,1192.278,0.01992965
TRUE,12.99355288,0,2.777777778,-0.250266117,0,1809,-0.788201978,1237.691,1192.278,0.01992965
TRUE,12.99355288,0,2.777777778,-0.250266117,0,1809,-0.788201978,1237.691,1192.278,0.01992965
TRUE,11.99569701,0,2.777777778,-0.250266117,0,1809,-0.924459537,1241.668,1192.613,0.02047177
TRUE,11.99569701,0,2.777777778,-0.28013962,0,1809,-0.924459537,1241.668,1192.613,0.02047177
TRUE,11.99569701,0,2.777777778,-0.28013962,0,1809,-0.924459537,1241.668,1192.613,0.02047177
TRUE,11.99569701,0,2.777777778,-0.28013962,0,1809,-0.924459537,1241.668,1192.613,0.02047177
TRUE,11.99569701,0,2.777777778,-0.28013962,0,1809,-0.924459537,1241.668,1192.613,0.02047177
TRUE,11.99569701,0,2.777777778,-0.28013962,0,1809,-0.924459537,1241.668,1192.613,0.02047177
TRUE,11.99569701,0,2.777777778,-0.28013962,0,1809,-0.924459537,1241.668,1192.613,0.02047177
TRUE,10.34588248,0,2.777777778,-0.326577438,0,1748.887399,-1.241505901,1245.435,1192.93,0.02151167
TRUE,10.34588248,0,2.777777778,-0.326577438,0,1768.924933,-1.241505901,1245.435,1192.93,0.02151167
TRUE,10.34588248,0,2.777777778,-0.326577438,0,1782.283289,-1.241505901,1245.435,1192.93,0.02151167
TRUE,10.34588248,0,2.777777778,-0.326577438,0,1791.188859,-1.241505901,1245.435,1192.93,0.02151167
TRUE,10.34588248,0,2.777777778,-0.326577438,0,1797.125906,-1.241505901,1245.435,1192.93,0.02151167
TRUE,10.34588248,0,2.777777778,-0.326577438,0,1801.083937,-1.241505901,1245.435,1192.93,0.02151167
TRUE,10.34588248,0,2.777777778,-0.326577438,0,1803.722625,-1.241505901,1245.435,1192.93,0.02151167
TRUE,10.34588248,0,2.777777778,-0.326577438,0,1805.48175,-1.241505901,1245.435,1192.93,0.02151167
TRUE,10.34588248,0,2.777777778,-0.326577438,0,1806.6545,-1.241505901,1245.435,1192.93,0.02151167
TRUE,8.883274893,0,2.777777778,-0.326577438,0,1743.624819,-1.680681921,1248.688,1193.205,0.02257013
TRUE,8.883274893,0,2.777777778,-0.381334394,0,1765.416546,-1.680681921,1248.688,1193.205,0.02257013
TRUE,8.883274893,0,2.777777778,-0.381334394,0,1779.944364,-1.680681921,1248.688,1193.205,0.02257013
TRUE,8.883274893,0,2.777777778,-0.381334394,0,1789.629576,-1.680681921,1248.688,1193.205,0.02257013
TRUE,8.883274893,0,2.777777778,-0.381334394,0,1796.086384,-1.680681921,1248.688,1193.205,0.02257013
TRUE,8.883274893,0,2.777777778,-0.381334394,0,1800.390923,-1.680681921,1248.688,1193.205,0.02257013
TRUE,8.883274893,0,2.777777778,-0.381334394,0,1803.260615,-1.680681921,1248.688,1193.205,0.02257013
TRUE,7.791875907,0,2.777777778,-0.411141274,0,1562.13215,-2.178055491,1251.368,1193.376,0.02339497
TRUE,7.791875907,0,2.777777778,-0.411141274,0,1585.666762,-2.178055491,1251.368,1193.376,0.02339497
TRUE,7.791875907,0,2.777777778,-0.411141274,0,1601.341385,-2.178055491,1251.368,1193.376,0.02339497
TRUE,7.791875907,0,2.777777778,-0.411141274,0,1611.806252,-2.178055491,1251.368,1193.376,0.02339497
TRUE,7.791875907,0,2.777777778,-0.411141274,0,1618.767712,-2.178055491,1251.368,1193.376,0.02339497
TRUE,6.151856022,0,2.777777778,-0.476070331,0,1306.43726,-3.455404318,1253.749,1193.44,0.02445735
TRUE,6.151856022,0,2.777777778,-0.476070331,0,1237.180626,-3.455404318,1253.749,1193.44,0.02445735
TRUE,6.151856022,0,2.777777778,-0.476070331,0,1191.01971,-3.455404318,1253.749,1193.44,0.02445735
TRUE,6.151856022,0,2.777777778,-0.476070331,0,1160.235592,-3.455404318,1253.749,1193.44,0.02445735
TRUE,6.151856022,0,2.777777778,-0.476070331,0,1139.72302,-3.455404318,1253.749,1193.44,0.02445735
TRUE,6.151856022,0,2.777777778,-0.476070331,0,1126.0378,-3.455404318,1253.749,1193.44,0.02445735
TRUE,6.151856022,0,2.777777778,-0.476070331,0,1116.924492,-3.455404318,1253.749,1193.44,0.02445735
TRUE,3.981429436,0,2.777777778,-0.67332432,0,624.0163279,-6.284050827,1255.469,1193.411,0.02415845
TRUE,3.981429436,0,2.777777778,-0.67332432,0,546.6588653,-6.284050827,1255.469,1193.411,0.02415845
TRUE,3.981429436,0,2.777777778,-0.67332432,0,495.0835945,-6.284050827,1255.469,1193.411,0.02415845
TRUE,3.981429436,0,2.777777778,-0.67332432,0,460.7037097,-6.284050827,1255.469,1193.411,0.02415845
TRUE,3.981429436,0,2.777777778,-0.67332432,0,437.7801575,-6.284050827,1255.469,1193.411,0.02415845
TRUE,1.891707428,0,2.777777778,-0.549519451,0,171.2534383,-3.268951821,1256.384,1193.366,0.02649498
TRUE,1.891707428,0,2.777777778,-0.549519451,0,0,-3.268951821,1256.384,1193.366,0.02649498
TRUE,1.891707428,0,2.777777778,-0.549519451,0.232670421,0,-3.268951821,1256.384,1193.366,0.02649498
TRUE,1.891707428,0,2.777777778,-0.549519451,0.4,0,-3.268951821,1256.384,1193.366,0.02649498
TRUE,0.004182361,0,2.777777778,-0.549519451,0.4,0,-0.007347168,1256.65,1193.35,0.02806629
TRUE,0.004182361,0,2.777777778,-0.001209447,0.4,0,-1.62E-05,1256.65,1193.35,0.02806629
TRUE,0.004182361,0,2.777777778,-0.001209447,0.4,0,-1.62E-05,1256.65,1193.35,0.02806629
TRUE,0.004182361,0,2.777777778,-0.001209447,0.4,0,-1.62E-05,1256.65,1193.35,0.02806629
TRUE,0.004182361,0,1,-0.001209447,0.4,0,-4.49E-05,1256.65,1193.35,0.02806629
TRUE,0.004182361,0,1,-0.001209447,0.4,0,-4.49E-05,1256.65,1193.35,0.02806629
TRUE,0.004182361,0,1,-0.001209447,0.4,0,-4.49E-05,1256.65,1193.35,0.02806629
TRUE,5.97E-05,0,1,-1.73E-05,0.4,0,-9.15E-09,1256.65,1193.35,0.02849184
TRUE,5.97E-05,0,1,-1.73E-05,0.4,0,-9.15E-09,1256.65,1193.35,0.02849184
TRUE,5.97E-05,0,1,-1.73E-05,0.4,0,-9.15E-09,1256.65,1193.35,0.02849184
TRUE,5.97E-05,0,1,-1.73E-05,0.4,0,-9.15E-09,1256.65,1193.35,0.02849184
TRUE,5.97E-05,0,1,-1.73E-05,0.4,0,-9.15E-09,1256.65,1193.35,0.02849184
TRUE,7.28E-06,0,1,-2.11E-06,0.4,0,-1.36E-10,1256.65,1193.35,0.02847522
TRUE,7.28E-06,0,1,-2.11E-06,0.4,0,-1.36E-10,1256.65,1193.35,0.02847522
TRUE,7.28E-06,0,1,-2.11E-06,0.4,0,-1.36E-10,1256.65,1193.35,0.02847522
TRUE,7.28E-06,0,1,-2.11E-06,0.4,0,-1.36E-10,1256.65,1193.35,0.02847522
TRUE,7.28E-06,0,1,-2.11E-06,0.4,0,-1.36E-10,1256.65,1193.35,0.02847522
TRUE,6.69E-07,0,1,-1.94E-07,0.4,0,-1.15E-12,1256.65,1193.35,0.02847547
TRUE,6.69E-07,0,1,-1.94E-07,0.4,0,-1.15E-12,1256.65,1193.35,0.02847547
TRUE,6.69E-07,0,1,-1.94E-07,0.4,0,-1.15E-12,1256.65,1193.35,0.02847547
TRUE,6.69E-07,0,1,-1.94E-07,0.4,0,-1.15E-12,1256.65,1193.35,0.02847547
TRUE,6.69E-07,0,1,-1.94E-07,0.4,0,-1.15E-12,1256.65,1193.35,0.02847547
TRUE,6.69E-07,0,1,-1.94E-07,0.4,0,-1.15E-12,1256.65,1193.35,0.02847547
TRUE,6.69E-07,0,1,-1.94E-07,0.4,0,-1.15E-12,1256.65,1193.35,0.02847547
TRUE,6.69E-07,0,1,-1.94E-07,0.4,0,-1.15E-12,1256.65,1193.35,0.02847547
TRUE,1.79E-07,0,1,-5.16E-08,0.4,0,-8.19E-14,1256.65,1193.35,0.02847549
TRUE,1.79E-07,0,1,-5.16E-08,0.4,0,-8.19E-14,1256.65,1193.35,0.02847549
TRUE,1.79E-07,0,1,-5.16E-08,0.4,0,-8.19E-14,1256.65,1193.35,0.02847549
TRUE,1.79E-07,0,1,-5.16E-08,0.4,0,-8.19E-14,1256.65,1193.35,0.02847549
TRUE,1.79E-07,0,1,-5.16E-08,0.4,0,-8.19E-14,1256.65,1193.35,0.02847549
TRUE,1.79E-07,0,1,-5.16E-08,0.4,0,-8.19E-14,1256.65,1193.35,0.02847549
TRUE,3.57E-07,0,1,-1.03E-07,0.4,0,-3.27E-13,1256.65,1193.35,0.02847549
TRUE,3.57E-07,0,1,-1.03E-07,0.4,0,-3.27E-13,1256.65,1193.35,0.02847549
TRUE,3.57E-07,0,1,-1.03E-07,0.4,0,-3.27E-13,1256.65,1193.35,0.02847549
TRUE,3.57E-07,0,1,-1.03E-07,0.4,0,-3.27E-13,1256.65,1193.35,0.02847549
TRUE,3.57E-07,0,1,-1.03E-07,0.4,0,-3.27E-13,1256.65,1193.35,0.02847549
TRUE,3.57E-07,0,1,-1.03E-07,0.4,0,-3.27E-13,1256.65,1193.35,0.02847549
TRUE,3.00E-08,0,1,-8.69E-09,0.4,0,-2.32E-15,1256.65,1193.35,0.02847548
TRUE,3.00E-08,0,1,-8.69E-09,0.4,0,-2.32E-15,1256.65,1193.35,0.02847548
TRUE,3.00E-08,0,1,-8.69E-09,0.4,0,-2.32E-15,1256.65,1193.35,0.02847548
TRUE,3.00E-08,0,1,-8.69E-09,0.4,0,-2.32E-15,1256.65,1193.35,0.02847548
TRUE,3.00E-08,0,1,-8.69E-09,0.4,0,-2.32E-15,1256.65,1193.35,0.02847548
TRUE,3.00E-08,0,1,-8.69E-09,0.4,0,-2.32E-15,1256.65,1193.35,0.02847548
TRUE,3.00E-08,0,1,-8.69E-09,0.4,0,-2.32E-15,1256.65,1193.35,0.02847548
TRUE,3.00E-08,0,1,-8.69E-09,0.4,0,-2.32E-15,1256.65,1193.35,0.02847548
TRUE,5.98E-08,0,1,-8.69E-09,0.4,0,-4.61E-15,1256.65,1193.35,0.02847548
TRUE,5.98E-08,0,1,-1.73E-08,0.4,0,-9.18E-15,1256.65,1193.35,0.02847548
TRUE,5.98E-08,0,1,-1.73E-08,0.4,0,-9.18E-15,1256.65,1193.35,0.02847548
TRUE,5.98E-08,0,1,-1.73E-08,0.4,0,-9.18E-15,1256.65,1193.35,0.02847548
TRUE,5.98E-08,0,1,-1.73E-08,0.4,0,-9.18E-15,1256.65,1193.35,0.02847548
TRUE,5.98E-08,0,1,-1.73E-08,0.4,0,-9.18E-15,1256.65,1193.35,0.02847548
TRUE,5.98E-08,0,1,-1.73E-08,0.4,0,-9.18E-15,1256.65,1193.35,0.02847548
TRUE,5.98E-08,0,1,-1.73E-08,0.4,0,-9.18E-15,1256.65,1193.35,0.02847551
TRUE,5.98E-08,0,1,-1.73E-08,0.4,0,-9.18E-15,1256.65,1193.35,0.02847551
TRUE,5.98E-08,0,1,-1.73E-08,0.4,0,-9.18E-15,1256.65,1193.35,0.02847551
TRUE,5.98E-08,0,1,-1.73E-08,0.4,0,-9.18E-15,1256.65,1193.35,0.02847551
TRUE,5.98E-08,0,1,-1.73E-08,0.4,0,-9.18E-15,1256.65,1193.35,0.02847551
TRUE,8.95E-08,0,1,-1.73E-08,0.4,0,-1.37E-14,1256.65,1193.35,0.02847548
TRUE,8.95E-08,0,1,-2.59E-08,0.4,0,-2.06E-14,1256.65,1193.35,0.02847548
TRUE,8.95E-08,0,1,-2.59E-08,0.4,0,-2.06E-14,1256.65,1193.35,0.02847548
TRUE,8.95E-08,0,1,-2.59E-08,0.4,0,-2.06E-14,1256.65,1193.35,0.02847548
TRUE,8.95E-08,0,1,-2.59E-08,0.4,0,-2.06E-14,1256.65,1193.35,0.02847548
TRUE,8.95E-08,0,1,-2.59E-08,0.4,0,-2.06E-14,1256.65,1193.35,0.02847548
TRUE,7.47E-08,0,1,-2.59E-08,0.4,0,-1.72E-14,1256.65,1193.35,0.02847548
TRUE,7.47E-08,0,1,-2.16E-08,0.4,0,-1.43E-14,1256.65,1193.35,0.02847548
TRUE,7.47E-08,0,1,-2.16E-08,0.4,0,-1.43E-14,1256.65,1193.35,0.02847548
TRUE,7.47E-08,0,1,-2.16E-08,0.4,0,-1.43E-14,1256.65,1193.35,0.02847548
TRUE,7.47E-08,0,1,-2.16E-08,0.4,0,-1.43E-14,1256.65,1193.35,0.02847548
TRUE,7.47E-08,0,1,-2.16E-08,0.4,0,-1.43E-14,1256.65,1193.35,0.02847548
TRUE,7.47E-08,0,1,-2.16E-08,0.4,0,-1.43E-14,1256.65,1193.35,0.02847548
TRUE,2.99E-08,0,1,-8.64E-09,0.4,0,-2.29E-15,1256.65,1193.35,0.02847549
TRUE,2.99E-08,0,1,-8.64E-09,0.4,0,-2.29E-15,1256.65,1193.35,0.02847549
TRUE,2.99E-08,0,1,-8.64E-09,0.4,0,-2.29E-15,1256.65,1193.35,0.02847549
TRUE,2.99E-08,0,1,-8.64E-09,0.4,0,-2.29E-15,1256.65,1193.35,0.02847549
TRUE,2.99E-08,0,1,-8.64E-09,0.4,0,-2.29E-15,1256.65,1193.35,0.02847549
TRUE,2.23E-07,0,1,-8.64E-09,0.4,0,-1.71E-14,1256.65,1193.35,0.02847548
TRUE,2.23E-07,0,1,-6.45E-08,0.4,0,-1.28E-13,1256.65,1193.35,0.02847548
TRUE,2.23E-07,0,1,-6.45E-08,0.4,0,-1.28E-13,1256.65,1193.35,0.02847548
TRUE,2.23E-07,0,1,-6.45E-08,0.4,0,-1.28E-13,1256.65,1193.35,0.02847548
TRUE,2.23E-07,0,1,-6.45E-08,0.4,0,-1.28E-13,1256.65,1193.35,0.02847548
TRUE,2.23E-07,0,1,-6.45E-08,0.4,0,-1.28E-13,1256.65,1193.35,0.02847548
TRUE,2.23E-07,0,1,-6.45E-08,0.4,0,-1.28E-13,1256.65,1193.35,0.02847548
TRUE,2.23E-07,0,1,-6.45E-08,0.4,0,-1.28E-13,1256.65,1193.35,0.02847548
TRUE,6.00E-08,0,1,-1.74E-08,0.4,0,-9.26E-15,1256.65,1193.35,0.02847551
TRUE,6.00E-08,0,1,-1.74E-08,0.4,0,-9.26E-15,1256.65,1193.35,0.02847551
TRUE,6.00E-08,0,1,-1.74E-08,0.4,0,-9.26E-15,1256.65,1193.35,0.02847551
TRUE,6.00E-08,0,1,-1.74E-08,0.4,0,-9.26E-15,1256.65,1193.35,0.02847551
TRUE,6.00E-08,0,1,-1.74E-08,0.4,0,-9.26E-15,1256.65,1193.35,0.02847551
TRUE,1.64E-07,0,1,-4.73E-08,0.4,0,-6.87E-14,1256.65,1193.35,0.02847548
TRUE,1.64E-07,0,1,-4.73E-08,0.4,0,-6.87E-14,1256.65,1193.35,0.02847548
TRUE,1.64E-07,0,1,-4.73E-08,0.4,0,-6.87E-14,1256.65,1193.35,0.02847548
TRUE,1.64E-07,0,1,-4.73E-08,0.4,0,-6.87E-14,1256.65,1193.35,0.02847548
TRUE,1.64E-07,0,1,-4.73E-08,0.4,0,-6.87E-14,1256.65,1193.35,0.02847548
TRUE,1.64E-07,0,1,-4.73E-08,0.4,0,-6.87E-14,1256.65,1193.35,0.02847548
TRUE,6.00E-08,0,1,-4.73E-08,0.4,0,-2.52E-14,1256.65,1193.35,0.02847548
TRUE,6.00E-08,0,1,-1.73E-08,0.4,0,-9.24E-15,1256.65,1193.35,0.02847548
TRUE,6.00E-08,0,1,-1.73E-08,0.4,0,-9.24E-15,1256.65,1193.35,0.02847548
TRUE,6.00E-08,0,1,-1.73E-08,0.4,0,-9.24E-15,1256.65,1193.35,0.02847548
TRUE,6.00E-08,0,1,-1.73E-08,0.4,0,-9.24E-15,1256.65,1193.35,0.02847548
TRUE,6.00E-08,0,1,-1.73E-08,0.4,0,-9.24E-15,1256.65,1193.35,0.02847548
TRUE,6.00E-08,0,1,-1.73E-08,0.4,0,-9.24E-15,1256.65,1193.35,0.02847548
TRUE,6.00E-08,0,1,-1.73E-08,0.4,0,-9.24E-15,1256.65,1193.35,0.02847548
TRUE,8.94E-08,0,1,-1.73E-08,0.4,0,-1.38E-14,1256.65,1193.35,0.0284755
TRUE,8.94E-08,0,1,-2.58E-08,0.4,0,-2.05E-14,1256.65,1193.35,0.0284755
TRUE,8.94E-08,0,1,-2.58E-08,0.4,0,-2.05E-14,1256.65,1193.35,0.0284755
TRUE,8.94E-08,0,1,-2.58E-08,0.4,0,-2.05E-14,1256.65,1193.35,0.0284755
TRUE,8.94E-08,0,1,-2.58E-08,0.4,0,-2.05E-14,1256.65,1193.35,0.0284755
TRUE,8.94E-08,0,1,-2.58E-08,0.4,0,-2.05E-14,1256.65,1193.35,0.0284755
TRUE,8.94E-08,0,1,-2.58E-08,0.4,0,-2.05E-14,1256.65,1193.35,0.0284755
TRUE,2.98E-08,0,1,-8.61E-09,0.4,0,-2.28E-15,1256.65,1193.35,0.02847549
TRUE,2.98E-08,0,1,-8.61E-09,0.4,0,-2.28E-15,1256.65,1193.35,0.02847549
TRUE,2.98E-08,0,1,-8.61E-09,0.4,0,-2.28E-15,1256.65,1193.35,0.02847549
TRUE,2.98E-08,0,1,-8.61E-09,0.4,0,-2.28E-15,1256.65,1193.35,0.02847549
TRUE,2.98E-08,0,1,-8.61E-09,0.4,0,-2.28E-15,1256.65,1193.35,0.02847549
TRUE,2.23E-07,0,1,-8.61E-09,0.4,0,-1.71E-14,1256.65,1193.35,0.0284755
TRUE,2.23E-07,0,1,-6.45E-08,0.4,0,-1.28E-13,1256.65,1193.35,0.0284755
TRUE,2.23E-07,0,1,-6.45E-08,0.4,0,-1.28E-13,1256.65,1193.35,0.0284755
TRUE,2.23E-07,0,1,-6.45E-08,0.4,0,-1.28E-13,1256.65,1193.35,0.0284755
TRUE,2.23E-07,0,1,-6.45E-08,0.4,0,-1.28E-13,1256.65,1193.35,0.0284755
TRUE,2.23E-07,0,1,-6.45E-08,0.4,0,-1.28E-13,1256.65,1193.35,0.0284755
TRUE,1.04E-07,0,1,-3.01E-08,0.4,0,-2.78E-14,1256.65,1193.35,0.02847548
TRUE,1.04E-07,0,1,-3.01E-08,0.4,0,-2.78E-14,1256.65,1193.35,0.02847548
TRUE,1.04E-07,0,1,-3.01E-08,0.4,0,-2.78E-14,1256.65,1193.35,0.02847548
TRUE,1.04E-07,0,1,-3.01E-08,0.4,0,-2.78E-14,1256.65,1193.35,0.02847548
TRUE,1.04E-07,0,1,-3.01E-08,0.4,0,-2.78E-14,1256.65,1193.35,0.02847548
TRUE,4.52E-08,0,1,-1.31E-08,0.4,0,-5.24E-15,1256.65,1193.35,0.02847548
TRUE,4.52E-08,0,1,-1.31E-08,0.4,0,-5.24E-15,1256.65,1193.35,0.02847548
TRUE,4.52E-08,0,1,-1.31E-08,0.4,0,-5.24E-15,1256.65,1193.35,0.02847548
TRUE,4.52E-08,0,1,-1.31E-08,0.4,0,-5.24E-15,1256.65,1193.35,0.02847548
TRUE,4.52E-08,0,1,-1.31E-08,0.4,0,-5.24E-15,1256.65,1193.35,0.02847548
TRUE,4.52E-08,0,1,-1.31E-08,0.4,0,-5.24E-15,1256.65,1193.35,0.02847548
TRUE,1.78E-07,0,1,-1.31E-08,0.4,0,-2.07E-14,1256.65,1193.35,0.02847549
TRUE,1.78E-07,0,1,-5.16E-08,0.4,0,-8.18E-14,1256.65,1193.35,0.02847549
TRUE,1.78E-07,0,1,-5.16E-08,0.4,0,-8.18E-14,1256.65,1193.35,0.02847549
TRUE,1.78E-07,0,1,-5.16E-08,0.4,0,-8.18E-14,1256.65,1193.35,0.02847549
TRUE,1.78E-07,0,1,-5.16E-08,0.4,0,-8.18E-14,1256.65,1193.35,0.02847549
TRUE,1.78E-07,0,1,-5.16E-08,0.4,0,-8.18E-14,1256.65,1193.35,0.02847549
TRUE,1.78E-07,0,1,-5.16E-08,0.4,0,-8.18E-14,1256.65,1193.35,0.02847549
TRUE,1.50E-08,0,1,-5.16E-08,0.4,0,-6.88E-15,1256.65,1193.35,0.02847548
TRUE,1.50E-08,0,1,-4.34E-09,0.4,0,-5.79E-16,1256.65,1193.35,0.02847548
TRUE,1.50E-08,0,1,-4.34E-09,0.4,0,-5.79E-16,1256.65,1193.35,0.02847548
TRUE,1.50E-08,0,1,-4.34E-09,0.4,0,-5.79E-16,1256.65,1193.35,0.02847548
TRUE,1.50E-08,0,1,-4.34E-09,0.4,0,-5.79E-16,1256.65,1193.35,0.02847548
TRUE,1.50E-08,0,1,-4.34E-09,0.4,0,-5.79E-16,1256.65,1193.35,0.02847548
TRUE,1.56E-08,0,1,-4.52E-09,0.4,0,-6.27E-16,1256.65,1193.35,0.02847548
TRUE,1.56E-08,0,1,-4.52E-09,0.4,0,-6.27E-16,1256.65,1193.35,0.02847548
TRUE,1.56E-08,0,1,-4.52E-09,0.4,0,-6.27E-16,1256.65,1193.35,0.02847548
TRUE,1.56E-08,0,1,-4.52E-09,0.4,0,-6.27E-16,1256.65,1193.35,0.02847548
TRUE,1.56E-08,0,1,-4.52E-09,0.4,0,-6.27E-16,1256.65,1193.35,0.02847548
TRUE,1.69E-08,0,1,-4.52E-09,0.4,0,-6.78E-16,1256.65,1193.35,0.02847548
TRUE,1.69E-08,0,1,-4.88E-09,0.4,0,-7.32E-16,1256.65,1193.35,0.02847548
TRUE,1.69E-08,0,1,-4.88E-09,0.4,0,-7.32E-16,1256.65,1193.35,0.02847548
TRUE,1.69E-08,0,1,-4.88E-09,0.4,0,-7.32E-16,1256.65,1193.35,0.02847548
TRUE,1.69E-08,0,1,-4.88E-09,0.4,0,-7.32E-16,1256.65,1193.35,0.02847548
TRUE,1.69E-08,0,1,-4.88E-09,0.4,0,-7.32E-16,1256.65,1193.35,0.02847548
TRUE,1.69E-08,0,1,-4.88E-09,0.4,0,-7.32E-16,1256.65,1193.35,0.02847548
TRUE,1.69E-08,0,1,-4.88E-09,0.4,0,-7.32E-16,1256.65,1193.35,0.02847548
TRUE,1.04E-07,0,1,-4.88E-09,0.4,0,-4.52E-15,1256.65,1193.35,0.0284755
TRUE,1.04E-07,0,1,-3.02E-08,0.4,0,-2.80E-14,1256.65,1193.35,0.0284755
TRUE,1.04E-07,0,1,-3.02E-08,0.4,0,-2.80E-14,1256.65,1193.35,0.0284755
TRUE,1.04E-07,0,1,-3.02E-08,0.4,0,-2.80E-14,1256.65,1193.35,0.0284755
TRUE,1.04E-07,0,1,-3.02E-08,0.4,0,-2.80E-14,1256.65,1193.35,0.0284755
TRUE,1.04E-07,0,1,-3.02E-08,0.4,0,-2.80E-14,1256.65,1193.35,0.0284755
TRUE,1.79E-07,0,1,-5.16E-08,0.4,0,-8.19E-14,1256.65,1193.35,0.02847549
TRUE,1.79E-07,0,1,-5.16E-08,0.4,0,-8.19E-14,1256.65,1193.35,0.02847549
TRUE,1.79E-07,0,1,-5.16E-08,0.4,0,-8.19E-14,1256.65,1193.35,0.02847549
TRUE,1.79E-07,0,1,-5.16E-08,0.4,0,-8.19E-14,1256.65,1193.35,0.02847549
TRUE,1.79E-07,0,1,-5.16E-08,0.4,0,-8.19E-14,1256.65,1193.35,0.02847549
TRUE,9.04E-08,0,1,-2.61E-08,0.4,0,-2.10E-14,1256.65,1193.35,0.02847548
TRUE,9.04E-08,0,1,-2.61E-08,0.4,0,-2.10E-14,1256.65,1193.35,0.02847548
TRUE,9.04E-08,0,1,-2.61E-08,0.4,0,-2.10E-14,1256.65,1193.35,0.02847548
TRUE,9.04E-08,0,1,-2.61E-08,0.4,0,-2.10E-14,1256.65,1193.35,0.02847548
TRUE,9.04E-08,0,1,-2.61E-08,0.4,0,-2.10E-14,1256.65,1193.35,0.02847548
TRUE,9.04E-08,0,1,-2.61E-08,0.4,0,-2.10E-14,1256.65,1193.35,0.02847548
TRUE,9.04E-08,0,1,-2.61E-08,0.4,0,-2.10E-14,1256.65,1193.35,0.02847548
TRUE,1.34E-07,0,1,-2.61E-08,0.4,0,-3.11E-14,1256.65,1193.35,0.02847549
TRUE,1.34E-07,0,1,-3.87E-08,0.4,0,-4.60E-14,1256.65,1193.35,0.02847549
TRUE,1.34E-07,0,1,-3.87E-08,0.4,0,-4.60E-14,1256.65,1193.35,0.02847549
TRUE,1.34E-07,0,1,-3.87E-08,0.4,0,-4.60E-14,1256.65,1193.35,0.02847549
TRUE,1.34E-07,0,1,-3.87E-08,0.4,0,-4.60E-14,1256.65,1193.35,0.02847549
TRUE,1.34E-07,0,1,-3.87E-08,0.4,0,-4.60E-14,1256.65,1193.35,0.02847549
TRUE,1.34E-07,0,1,-3.87E-08,0.4,0,-4.60E-14,1256.65,1193.35,0.02847549
TRUE,7.47E-08,0,1,-3.87E-08,0.4,0,-2.57E-14,1256.65,1193.35,0.02847548
TRUE,7.47E-08,0,1,-2.16E-08,0.4,0,-1.43E-14,1256.65,1193.35,0.02847548
TRUE,7.47E-08,0,1,-2.16E-08,0.4,0,-1.43E-14,1256.65,1193.35,0.02847548
TRUE,7.47E-08,0,1,-2.16E-08,0.4,0,-1.43E-14,1256.65,1193.35,0.02847548
TRUE,7.47E-08,0,1,-2.16E-08,0.4,0,-1.43E-14,1256.65,1193.35,0.02847548
TRUE,7.47E-08,0,1,-2.16E-08,0.4,0,-1.43E-14,1256.65,1193.35,0.02847548
TRUE,7.47E-08,0,1,-2.16E-08,0.4,0,-1.43E-14,1256.65,1193.35,0.02847548
TRUE,7.47E-08,0,1,-2.16E-08,0.4,0,-1.43E-14,1256.65,1193.35,0.02847548
TRUE,4.91E-07,0,1,-2.16E-08,0.4,0,-9.42E-14,1256.65,1193.35,0.02847549
TRUE,4.91E-07,0,1,-1.42E-07,0.4,0,-6.18E-13,1256.65,1193.35,0.02847549
TRUE,4.91E-07,0,1,-1.42E-07,0.4,0,-6.18E-13,1256.65,1193.35,0.02847549
TRUE,4.91E-07,0,1,-1.42E-07,0.4,0,-6.18E-13,1256.65,1193.35,0.02847549
TRUE,4.91E-07,0,1,-1.42E-07,0.4,0,-6.18E-13,1256.65,1193.35,0.02847549
TRUE,4.91E-07,0,1,-1.42E-07,0.4,0,-6.18E-13,1256.65,1193.35,0.02847549
TRUE,4.91E-07,0,1,-1.42E-07,0.4,0,-6.18E-13,1256.65,1193.35,0.02847549
TRUE,0.686598901,0,1,-1.42E-07,0.373617451,0,-8.65E-07,1256.776,1193.345,0.02816496
TRUE,0.686598901,0,1,-0.198495647,0.343101242,0,-1.207540911,1256.776,1193.345,0.02816496
TRUE,0.686598901,0,1,-0.198495647,0.322754491,0,-1.207540911,1256.776,1193.345,0.02816496
TRUE,0.686598901,0,1,-0.198495647,0.309192602,0,-1.207540911,1256.776,1193.345,0.02816496
TRUE,0.686598901,0,1,-0.198495647,0.300148731,0,-1.207540911,1256.776,1193.345,0.02816496
TRUE,0.686598901,0,1,-0.198495647,0.294122095,0,-1.207540911,1256.776,1193.345,0.02816496
TRUE,1.375039607,0,1,-0.39744088,0,86.00087833,-4.68939418,1257.115,1193.333,0.02767307
TRUE,1.375039607,0,1,-0.39744088,0,98.04184858,-4.68939418,1257.115,1193.333,0.02767307
TRUE,1.375039607,0,1,-0.39744088,0,106.0680313,-4.68939418,1257.115,1193.333,0.02767307
TRUE,1.375039607,0,1,-0.39744088,0,111.4199506,-4.68939418,1257.115,1193.333,0.02767307
TRUE,1.375039607,0,1,-0.39744088,0,114.986766,-4.68939418,1257.115,1193.333,0.02767307
TRUE,1.375039607,0,1,-0.39744088,0,117.3657737,-4.68939418,1257.115,1193.333,0.02767307
TRUE,1.375039607,0,1,-0.39744088,0,118.9506481,-4.68939418,1257.115,1193.333,0.02767307
TRUE,2.053431748,0,1,-0.593164815,0,252.6706057,-8,1257.704,1193.31,0.02717002
TRUE,2.053431748,0,1,-0.593164815,0,282.7865524,-8,1257.704,1193.31,0.02717002
TRUE,2.053431748,0,1,-0.593164815,0,302.8670263,-8,1257.704,1193.31,0.02717002
TRUE,2.053431748,0,1,-0.593164815,0,316.2508328,-8,1257.704,1193.31,0.02717002
TRUE,2.053431748,0,1,-0.593164815,0,325.1765465,-8,1257.704,1193.31,0.02717002
TRUE,2.053431748,0,1.913426961,-0.593164815,0,96.18436434,-5.399647247,1257.704,1193.31,0.02717002
TRUE,2.053431748,0,1.913426961,-0.593164815,0,79.31945123,-5.399647247,1257.704,1193.31,0.02717002
TRUE,2.053431748,0,1.913426961,-0.593164815,0,0,-5.399647247,1257.704,1193.31,0.02717002
TRUE,2.711180923,0,1.913426961,-0.782387759,0,187.0687196,-8,1258.521,1193.28,0.02668757
TRUE,2.711180923,0,1.913426961,-0.782387759,0,211.3006947,-8,1258.521,1193.28,0.02668757
TRUE,2.711180923,0,1.913426961,-0.782387759,0,227.45775,-8,1258.521,1193.28,0.02668757
TRUE,2.711180923,0,1.913426961,-0.782387759,0,238.226715,-8,1258.521,1193.28,0.02668757
TRUE,2.711180923,0,1.913426961,-0.782387759,0,245.4084302,-8,1258.521,1193.28,0.02668757
TRUE,2.711180923,0,1.913426961,-0.782387759,0,250.1938351,-8,1258.521,1193.28,0.02668757
TRUE,3.309938252,0,1.913426961,-0.783836853,0,368.7736562,-7.371637793,1259.49,1193.243,0.02624793
TRUE,3.309938252,0,2.777777778,-0.783836853,0,157.6728101,-7.371637793,1259.49,1193.243,0.02624793
TRUE,3.309938252,0,2.777777778,-0.783836853,0,162.8775091,-7.371637793,1259.49,1193.243,0.02624793
TRUE,3.309938252,0,2.777777778,-0.783836853,0,166.3457039,-7.371637793,1259.49,1193.243,0.02624793
TRUE,3.309938252,0,2.777777778,-0.783836853,0,168.6594382,-7.371637793,1259.49,1193.243,0.02624793
TRUE,3.309938252,0,2.777777778,-0.783836853,0,170.2003234,-7.371637793,1259.49,1193.243,0.02624793
TRUE,3.925134136,0,2.777777778,-0.658497111,0,291.0959344,-6.363535703,1260.726,1193.197,0.02579618
TRUE,3.925134136,0,2.777777778,-0.658497111,0,318.5980154,-6.363535703,1260.726,1193.197,0.02579618
TRUE,3.925134136,0,2.777777778,-0.658497111,0,336.9361953,-6.363535703,1260.726,1193.197,0.02579618
TRUE,3.925134136,0,2.777777778,-0.658497111,0,349.1581893,-6.363535703,1260.726,1193.197,0.02579618
TRUE,3.925134136,0,2.777777778,-0.658497111,0,357.3096446,-6.363535703,1260.726,1193.197,0.02579618
TRUE,3.925134136,0,2.777777778,-0.658497111,0,362.7404889,-6.363535703,1260.726,1193.197,0.02579618
TRUE,3.925134136,0,2.777777778,-0.658497111,0,366.364511,-6.363535703,1260.726,1193.197,0.02579618
TRUE,4.519440288,0,2.777777778,-0.571336368,0,533.6257069,-5.609528978,1262.167,1193.143,0.02535979
TRUE,4.519440288,0,2.777777778,-0.571336368,0,544.7957712,-5.609528978,1262.167,1193.143,0.02535979
TRUE,4.519440288,0,2.777777778,-0.571336368,0,552.2372297,-5.609528978,1262.167,1193.143,0.02535979
TRUE,4.519440288,0,2.777777778,-0.571336368,0,557.2034531,-5.609528978,1262.167,1193.143,0.02535979
TRUE,4.519440288,0,2.777777778,-0.571336368,0,560.5090176,-5.609528978,1262.167,1193.143,0.02535979
TRUE,4.519440288,0,2.777777778,-0.571336368,0,562.7179784,-5.609528978,1262.167,1193.143,0.02535979
TRUE,5.080041859,0,2.777777778,-0.506096214,0,719.6850316,-4.966233205,1263.706,1193.085,0.02575521
TRUE,5.080041859,0,2.777777778,-0.506096214,0,729.6847058,-4.966233205,1263.706,1193.085,0.02575521
TRUE,5.080041859,0,2.777777778,-0.506096214,0,736.3442139,-4.966233205,1263.706,1193.085,0.02575521
TRUE,5.080041859,0,2.777777778,-0.506096214,0,740.7908273,-4.966233205,1263.706,1193.085,0.02575521
TRUE,5.080041859,0,2.777777778,-0.506096214,0,743.748295,-4.966233205,1263.706,1193.085,0.02575521
TRUE,5.080041859,0,2.777777778,-0.506096214,0,745.7268814,-4.966233205,1263.706,1193.085,0.02575521
TRUE,5.566278326,0.004584798,2.777777778,-0.506096214,0,881.9112689,-4.183929379,1265.515,1193.017,0.02560231
TRUE,5.566278326,0,2.777777778,-0.46020126,0,890.6131028,-4.183929379,1265.515,1193.017,0.02560231
TRUE,5.566278326,0,2.777777778,-0.46020126,0,896.4059181,-4.183929379,1265.515,1193.017,0.02560231
TRUE,5.566278326,0,2.777777778,-0.46020126,0,900.2762023,-4.183929379,1265.515,1193.017,0.02560231
TRUE,5.566278326,0,2.777777778,-0.46020126,0,902.8479844,-4.183929379,1265.515,1193.017,0.02560231
TRUE,5.566278326,0,2.777777778,-0.46020126,0,904.5709131,-4.183929379,1265.515,1193.017,0.02560231
TRUE,5.566278326,0,2.777777778,-0.46020126,0,905.711125,-4.183929379,1265.515,1193.017,0.02560231
TRUE,5.566278326,0,2.777777778,-0.46020126,0,906.4796735,-4.183929379,1265.515,1193.017,0.02560231
TRUE,5.566278326,0,2.777777778,-0.46020126,0,906.9836319,-4.183929379,1265.515,1193.017,0.02560231
TRUE,6.186439037,-0.00348339,2.777777778,-0.46020126,0,1027.212493,-3.418242649,1267.512,1192.942,0.02509304
TRUE,6.186439037,0,2.777777778,-0.412600031,0,1054.784422,-3.418242649,1267.512,1192.942,0.02509304
TRUE,6.186439037,0,2.777777778,-0.412600031,0,1073.175985,-3.418242649,1267.512,1192.942,0.02509304
TRUE,6.186439037,0,2.777777778,-0.412600031,0,1085.426749,-3.418242649,1267.512,1192.942,0.02509304
TRUE,6.186439037,0,2.777777778,-0.412600031,0,1093.604203,-3.418242649,1267.512,1192.942,0.02509304
TRUE,6.186439037,0,2.777777778,-0.412600031,0,1099.045562,-3.418242649,1267.512,1192.942,0.02509304
TRUE,6.186439037,0,2.777777778,-0.412600031,0,1102.683411,-3.418242649,1267.512,1192.942,0.02509304
TRUE,6.186439037,0,2.777777778,-0.412600031,0,1105.098367,-3.418242649,1267.512,1192.942,0.02509304
TRUE,6.186439037,0,2.777777778,-0.412600031,0,1106.718615,-3.418242649,1267.512,1192.942,0.02509304
TRUE,6.675281747,0,2.777777778,-0.380724415,0,1243.383694,-2.949586985,1269.553,1192.865,0.02474276
TRUE,6.675281747,0,2.777777778,-0.380724415,0,1251.969295,-2.949586985,1269.553,1192.865,0.02474276
TRUE,6.675281747,0,2.777777778,-0.380724415,0,1257.681277,-2.949586985,1269.553,1192.865,0.02474276
TRUE,6.675281747,0,2.777777778,-0.380724415,0,1261.501017,-2.949586985,1269.553,1192.865,0.02474276
TRUE,6.675281747,0,2.777777778,-0.380724415,0,1264.035759,-2.949586985,1269.553,1192.865,0.02474276
TRUE,6.675281747,0,2.777777778,-0.380724415,0,1265.737338,-2.949586985,1269.553,1192.865,0.02474276
TRUE,6.675281747,0,2.777777778,-0.380724415,0,1266.859973,-2.949586985,1269.553,1192.865,0.02474276
TRUE,6.675281747,0,2.777777778,-0.380724415,0,1267.620147,-2.949586985,1269.553,1192.865,0.02474276
TRUE,7.065181094,0,2.777777778,-0.359608954,0,1376.26546,-2.640077029,1271.889,1192.776,0.02437615
TRUE,7.065181094,0,2.777777778,-0.359608954,0,1382.877989,-2.640077029,1271.889,1192.776,0.02437615
TRUE,7.065181094,0,2.777777778,-0.359608954,0,1387.273415,-2.640077029,1271.889,1192.776,0.02437615
TRUE,7.065181094,0,2.777777778,-0.359608954,0,1390.216626,-2.640077029,1271.889,1192.776,0.02437615
TRUE,7.065181094,0,2.777777778,-0.359608954,0,1392.16584,-2.640077029,1271.889,1192.776,0.02437615
TRUE,7.065181094,0,2.777777778,-0.359608954,0,1393.478243,-2.640077029,1271.889,1192.776,0.02437615
TRUE,7.065181094,0,2.777777778,-0.359608954,0,1394.340251,-2.640077029,1271.889,1192.776,0.02437615
TRUE,7.065181094,0,2.777777778,-0.359608954,0,1394.92785,-2.640077029,1271.889,1192.776,0.02437615
TRUE,7.640950733,0,2.777777778,-0.332794167,0,1532.9519,-2.263624264,1274.395,1192.682,0.02402385
TRUE,7.640950733,0,2.777777778,-0.332794167,0,1549.831388,-2.263624264,1274.395,1192.682,0.02402385
TRUE,7.640950733,0,2.777777778,-0.332794167,0,1561.069718,-2.263624264,1274.395,1192.682,0.02402385
TRUE,7.640950733,0,2.777777778,-0.332794167,0,1568.5766,-2.263624264,1274.395,1192.682,0.02402385
TRUE,7.640950733,0,2.777777778,-0.332794167,0,1573.566526,-2.263624264,1274.395,1192.682,0.02402385
TRUE,7.640950733,0,2.777777778,-0.332794167,0,1576.907806,-2.263624264,1274.395,1192.682,0.02402385
TRUE,8.082277562,0,2.777777778,-0.317203043,0,1654.27187,-2.026334184,1276.902,1192.587,0.02370032
TRUE,8.082277562,0,2.777777778,-0.317203043,0,1678.614313,-2.026334184,1276.902,1192.587,0.02370032
TRUE,8.082277562,0,2.777777778,-0.317203043,0,1694.826615,-2.026334184,1276.902,1192.587,0.02370032
TRUE,8.082277562,0,2.777777778,-0.317203043,0,1705.65081,-2.026334184,1276.902,1192.587,0.02370032
TRUE,8.082277562,0,2.777777778,-0.317203043,0,1712.850946,-2.026334184,1276.902,1192.587,0.02370032
TRUE,8.082277562,0,2.777777778,-0.317203043,0,1717.667031,-2.026334184,1276.902,1192.587,0.02370032
TRUE,8.49084977,0,2.777777778,-0.306777236,0,1748.111354,-1.838065483,1279.72,1192.479,0.02336678
TRUE,8.49084977,0,2.777777778,-0.306777236,0,1768.407569,-1.838065483,1279.72,1192.479,0.02336678
TRUE,8.49084977,0,2.777777778,-0.306777236,0,1781.938379,-1.838065483,1279.72,1192.479,0.02336678
TRUE,8.49084977,0,2.777777778,-0.306777236,0,1790.95892,-1.838065483,1279.72,1192.479,0.02336678
TRUE,8.49084977,0,2.777777778,-0.306777236,0,1796.972613,-1.838065483,1279.72,1192.479,0.02336678
TRUE,8.49084977,0,2.777777778,-0.306777236,0,1800.981742,-1.838065483,1279.72,1192.479,0.02336678
TRUE,8.49084977,0,2.777777778,-0.306777236,0,1803.654495,-1.838065483,1279.72,1192.479,0.02336678
TRUE,8.49084977,0,2.777777778,-0.306777236,0,1805.43633,-1.838065483,1279.72,1192.479,0.02336678
TRUE,8.951019334,0,2.777777778,-0.296327895,0,1806.62422,-1.655550696,1282.69,1192.366,0.02304631
TRUE,8.951019334,0,2.777777778,-0.296327895,0,1807.416147,-1.655550696,1282.69,1192.366,0.02304631
TRUE,8.951019334,0,2.777777778,-0.296327895,0,1807.944098,-1.655550696,1282.69,1192.366,0.02304631
TRUE,8.951019334,0,2.777777778,-0.296327895,0,1808.296065,-1.655550696,1282.69,1192.366,0.02304631
